,Name,,,,,,Name,Unique Imports,,LOC,,Total Imports,,Intra Collab,,Extra Collab,,,,
gfyoung   ,gfyoung,import org.apache.hadoop.conf.Configuration,,,,,Amruta Gokhale,2,,118,,5,,4,,0,,,,Amruta Gokhale
gfyoung   ,gfyoung,import org.apache.hadoop.fs.AbstractFileSystem,,,,,Andrii Rosa,11,,692,,19,,2,,0,,,,Amruta Gokhale
gfyoung   ,gfyoung,import org.apache.hadoop.fs.FileContext,,,,,Christopher Berner,42,,3294,,55,,5,,0,,,,Amruta Gokhale
gfyoung   ,gfyoung,import org.apache.hadoop.fs.UnsupportedFileSystemException,105,,,,Colin Marc,1,,34,,1,,0,,0,,,,Amruta Gokhale
,,,,,,,Costin Leau,9,,312,,12,,1,,0,,,,Andrii Rosa
Robert Muir ,Robert Muir,import org.apache.hadoop.conf.Configuration,,,,,Dain Sundstrom,71,,10001,,153,,14,,0,,,,Andrii Rosa
Robert Muir ,Robert Muir,import org.apache.hadoop.fs.DelegateToFileSystem,,,,,David Phillips,46,,2350,,86,,6,,0,,,,Andrii Rosa 
Robert Muir ,Robert Muir,import org.apache.hadoop.fs.FileStatus,,,,,,,,,,,,,,0,,,,Andrii Rosa  
Robert Muir ,Robert Muir,import org.apache.hadoop.fs.RawLocalFileSystem,,,,,Dongmin Yu,1,,14,,1,,1,,0,,,,Christopher Berner
Robert Muir ,Robert Muir,import org.apache.hadoop.fs.permission.FsPermission,117,,,,Eric Hwang,16,,1056,,18,,3,,0,,,,Christopher Berner
,,,,,,,gfyoung,4,,105,,4,,0,,0,,,,Christopher Berner
Costin Leau   ,Costin Leau,import org.apache.hadoop.fs.CreateFlag,,,,,Grzegorz Kokosiński,1,,135,,1,,0,,0,,,,Christopher Berner
Costin Leau   ,Costin Leau,import org.apache.hadoop.fs.FSDataOutputStream,,,,,Haozhun Jin,68,,7545,,110,,7,,0,,,,Christopher Berner
Costin Leau   ,Costin Leau,import org.apache.hadoop.fs.FileContext,,,,,Jonathan Kelly,1,,18,,1,,1,,0,,,,Christopher Berner 
Costin Leau   ,Costin Leau,import org.apache.hadoop.fs.FileStatus,,,,,Karol Sobczak,4,,495,,9,,2,,0,,,,Christopher Berner 
Costin Leau   ,Costin Leau,import org.apache.hadoop.fs.Options.CreateOpts,,,,,Lukasz Osipiuk,6,,202,,6,,0,,0,,,,Christopher Berner 
Costin Leau   ,Costin Leau,import org.apache.hadoop.fs.Path,,,,,Marc Beitchman,8,,282,,19,,3,,0,,,,Colin Marc  
Costin Leau   ,Costin Leau,import org.apache.hadoop.fs.PathFilter,164,,,,Martin Traverso,10,,324,,11,,4,,0,,,,Costin Leau
,,,,,,,Nate Sammons,1,,25,,1,,0,,0,,,,Dain Sundstrom
Robert Muir ,Robert Muir,import org.apache.hadoop.fs.FileAlreadyExistsException,,,,,Nezih Yigitbasi,4,,567,,4,,1,,0,,,,Dain Sundstrom
Costin Leau ,Costin Leau,import org.apache.hadoop.fs.FileContext,,,,,Nileema Shingte,12,,598,,15,,4,,0,,,,Dain Sundstrom
Costin Leau ,Costin Leau,import org.apache.hadoop.fs.Path,148,,,,Piotr Nowojski,4,,705,,5,,1,,0,,,,Dain Sundstrom
,,,,,,,Raghav Sethi,4,,150,,4,,0,,0,,,,Dain Sundstrom
Costin Leau ,Costin Leau,import org.apache.hadoop.conf.Configuration,,,,,Rebecca Schlussel,2,,112,,2,,1,,0,,,,Dain Sundstrom
Costin Leau ,Costin Leau,import org.apache.hadoop.fs.AbstractFileSystem,,,,,Rishi,16,,289,,17,,1,,0,,,,Dain Sundstrom
Costin Leau ,Costin Leau,import org.apache.hadoop.fs.FileContext,,,,,Robert Muir,9,,370,,10,,1,,0,,,,Dain Sundstrom
Robert Muir ,Robert Muir,import org.apache.hadoop.fs.UnsupportedFileSystemException,174,,,,Stanislaw Ogorkis,1,,57,,1,,0,,0,,,,Dain Sundstrom
,,,,,,,Tom Zeng,1,,33,,1,,0,,0,,,,Dain Sundstrom
Robert Muir ,Robert Muir,import org.apache.hadoop.conf.Configuration,,,,,Yang Yang,4,,2188,,10,,0,,0,,,,Dain Sundstrom
Robert Muir ,Robert Muir,import org.apache.hadoop.hdfs.DFSConfigKeys,,,,,Zhenxiao Luo,28,,1243,,38,,1,,0,,,,Dain Sundstrom
Robert Muir ,Robert Muir,import org.apache.hadoop.hdfs.MiniDFSCluster,79,,,,,,,,,,,,,,,,,Dain Sundstrom
,,,,,,,,,,,,,,,,,,,,Dain Sundstrom
David Phillips         ,David Phillips,import org.apache.hadoop.fs.FileSystem,,,,,,,,,,,,,,,,,,Dain Sundstrom 
David Phillips         ,David Phillips,import org.apache.hadoop.fs.Path,,,,,,,,,,,,,,,,,,Dain Sundstrom 
David Phillips         ,David Phillips,import org.apache.hadoop.hive.metastore.api.Database,,,,,,,,,,,,,,,,,,Dain Sundstrom 
Haozhun Jin            ,Haozhun Jin,import org.apache.hadoop.hive.metastore.api.PrincipalPrivilegeSet,491,,,,,,,,,,,,,,,,,Dain Sundstrom 
,,,,,,,,,,,,,,,,,,,,Dain Sundstrom 
Dain Sundstrom ,Dain Sundstrom,import org.apache.hadoop.hive.serde2.lazy.ByteArrayRef,,,,,,,,,,,,,,,,,,Dain Sundstrom 
Dain Sundstrom ,Dain Sundstrom,import org.apache.hadoop.hive.serde2.lazy.LazyMap,,,,,,,,,,,,,,,,,,Dain Sundstrom 
Dain Sundstrom ,Dain Sundstrom,import org.apache.hadoop.hive.serde2.lazy.LazyString,,,,,,,,,,,,,,,,,,Dain Sundstrom    
Dain Sundstrom ,Dain Sundstrom,import org.apache.hadoop.hive.serde2.lazy.objectinspector.primitive.LazyStringObjectInspector,,,,,,,,,,,,,,,,,,David Phillips
Dain Sundstrom ,Dain Sundstrom,import org.apache.hadoop.io.Text,84,,,,,,,,,,,,,,,,,David Phillips
,,,,,,,,,,,,,,,,,,,,David Phillips
Rishi              ,Rishi,import org.apache.hadoop.hive.serde2.objectinspector.ObjectInspector,,,,,,,,,,,,,,,,,,David Phillips
Dongmin Yu    ,Dongmin Yu,import org.apache.hadoop.hive.serde2.objectinspector.ObjectInspector.Category,,,,,,,,,,,,,,,,,,David Phillips
Martin Traverso    ,Martin Traverso,import org.apache.hadoop.io.BytesWritable,324,,,,,,,,,,,,,,,,,David Phillips
,,,,,,,,,,,,,,,,,,,,David Phillips 
Tom Zeng ,Tom Zeng,import org.apache.hadoop.fs.Path,33,,,,,,,,,,,,,,,,,David Phillips  
,,,,,,,,,,,,,,,,,,,,David Phillips   
Dain Sundstrom ,Dain Sundstrom,import org.apache.hadoop.conf.Configuration,,,,,,,,,,,,,,,,,,David Phillips   
Dain Sundstrom ,Dain Sundstrom,import org.apache.hadoop.fs.Path,,,,,,,,,,,,,,,,,,Dongmin Yu
Dain Sundstrom ,Dain Sundstrom,import org.apache.hadoop.mapred.JobConf,452,,,,,,,,,,,,,,,,,Eric Hwang
,,,,,,,,,,,,,,,,,,,,Eric Hwang
Haozhun Jin     ,Haozhun Jin,import org.apache.hadoop.hive.common.type.HiveVarchar,,,,,,,,,,,,,,,,,,Eric Hwang
Haozhun Jin     ,Haozhun Jin,import org.apache.hadoop.hive.ql.io.DefaultHivePartitioner,,,,,,,,,,,,,,,,,,Eric Hwang 
Haozhun Jin     ,Haozhun Jin,import org.apache.hadoop.hive.ql.io.HiveKey,,,,,,,,,,,,,,,,,,Eric Hwang  
Haozhun Jin     ,Haozhun Jin,import org.apache.hadoop.hive.ql.metadata.HiveException,,,,,,,,,,,,,,,,,,Eric Hwang   
Haozhun Jin     ,Haozhun Jin,import org.apache.hadoop.hive.ql.udf.generic.GenericUDF,,,,,,,,,,,,,,,,,,Haozhun Jin
Haozhun Jin     ,Haozhun Jin,import org.apache.hadoop.hive.ql.udf.generic.GenericUDFHash,,,,,,,,,,,,,,,,,,Haozhun Jin
Haozhun Jin     ,Haozhun Jin,import org.apache.hadoop.hive.serde2.io.DateWritable,,,,,,,,,,,,,,,,,,Haozhun Jin
Nileema Shingte ,Nileema Shingte,import org.apache.hadoop.hive.serde2.objectinspector.ObjectInspector,,,,,,,,,,,,,,,,,,Haozhun Jin
Haozhun Jin     ,Haozhun Jin,import org.apache.hadoop.hive.serde2.objectinspector.primitive.IntObjectInspector,,,,,,,,,,,,,,,,,,Haozhun Jin
HaozhunHiveVarcharObjectInspector,HaozhunHiveVarcharObjectInspector,,,,,,,,,,,,,,,,,,,Haozhun Jin
Haozhun Jin     ,Haozhun Jin,import org.apache.hadoop.hive.serde2.typeinfo.TypeInfo,,,,,,,,,,,,,,,,,,Haozhun Jin
Haozhun Jin     ,Haozhun Jin,import org.apache.hadoop.hive.serde2.typeinfo.TypeInfoUtils,340,,,,,,,,,,,,,,,,,Haozhun Jin 
,,,,,,,,,,,,,,,,,,,,Haozhun Jin  
Stanislaw Ogorkis ,Stanislaw Ogorkis,import org.apache.hadoop.hive.ql.io.parquet.timestamp.NanoTimeUtils,57,,,,,,,,,,,,,,,,,Haozhun Jin  
,,,,,,,,,,,,,,,,,,,,Jonathan Kelly
Zhenxiao Luo   ,Zhenxiao Luo,import org.apache.hadoop.fs.FSDataInputStream,,,,,,,,,,,,,,,,,,Karol Sobczak
Zhenxiao Luo   ,Zhenxiao Luo,import org.apache.hadoop.fs.FileSystem,,,,,,,,,,,,,,,,,,Karol Sobczak
Zhenxiao Luo   ,Zhenxiao Luo,import org.apache.hadoop.fs.Path,,,,,,,,,,,,,,,,,,Karol Sobczak 
Zhenxiao Luo   ,Zhenxiao Luo,import org.apache.hadoop.hive.ql.exec.FileSinkOperator.RecordWriter,,,,,,,,,,,,,,,,,,Karol Sobczak 
Zhenxiao Luo   ,Zhenxiao Luo,import org.apache.hadoop.hive.ql.io.parquet.MapredParquetOutputFormat,,,,,,,,,,,,,,,,,,Karol Sobczak 
Zhenxiao Luo   ,Zhenxiao Luo,import org.apache.hadoop.hive.ql.io.parquet.serde.ParquetHiveSerDe,,,,,,,,,,,,,,,,,,Marc Beitchman
Zhenxiao Luo   ,Zhenxiao Luo,import org.apache.hadoop.hive.serde2.objectinspector.ObjectInspector,,,,,,,,,,,,,,,,,,Marc Beitchman
Zhenxiao Luo   ,Zhenxiao Luo,import org.apache.hadoop.hive.serde2.objectinspector.PrimitiveObjectInspector,,,,,,,,,,,,,,,,,,Marc Beitchman
Zhenxiao Luo   ,Zhenxiao Luo,import org.apache.hadoop.hive.serde2.objectinspector.SettableStructObjectInspector,,,,,,,,,,,,,,,,,,Martin Traverso
Zhenxiao Luo   ,Zhenxiao Luo,import org.apache.hadoop.hive.serde2.objectinspector.StructField,,,,,,,,,,,,,,,,,,Martin Traverso
Zhenxiao Luo   ,Zhenxiao Luo,import org.apache.hadoop.io.Text,,,,,,,,,,,,,,,,,,Martin Traverso
Zhenxiao Luo   ,Zhenxiao Luo,import org.apache.hadoop.io.Writable,,,,,,,,,,,,,,,,,,Martin Traverso
Zhenxiao Luo   ,Zhenxiao Luo,import org.apache.hadoop.mapred.JobConf,316,,,,,,,,,,,,,,,,,Nate Sammons   
,,,,,,,,,,,,,,,,,,,,Nezih Yigitbasi
Yang Yang           ,Yang Yang,import org.apache.hadoop.fs.Path,1270,,,,,,,,,,,,,,,,,Nileema Shingte
,,,,,,,,,,,,,,,,,,,,Nileema Shingte
Dain Sundstrom     ,Dain Sundstrom,import org.apache.hadoop.conf.Configuration,,,,,,,,,,,,,,,,,,Nileema Shingte
Colin Marc         ,Colin Marc,import org.apache.hadoop.fs.Path,,,,,,,,,,,,,,,,,,Nileema Shingte
Andrii Rosa        ,Andrii Rosa,import org.apache.hadoop.hive.common.type.HiveVarchar,,,,,,,,,,,,,,,,,,Piotr Nowojski
Dain Sundstrom     ,Dain Sundstrom,import org.apache.hadoop.hive.ql.io.HiveOutputFormat,,,,,,,,,,,,,,,,,,Piotr Nowojski 
Dain Sundstrom     ,Dain Sundstrom,import org.apache.hadoop.hive.ql.io.parquet.MapredParquetInputFormat,,,,,,,,,,,,,,,,,,Piotr Nowojski 
Dain Sundstrom     ,Dain Sundstrom,import org.apache.hadoop.hive.ql.io.parquet.serde.ParquetHiveSerDe,,,,,,,,,,,,,,,,,,Piotr Nowojski  
Christopher Berner ,Christopher Berner,import org.apache.hadoop.hive.serde2.SerDe,,,,,,,,,,,,,,,,,,Raghav Sethi 
Dain Sundstrom     ,Dain Sundstrom,import org.apache.hadoop.hive.serde2.objectinspector.ListObjectInspector,,,,,,,,,,,,,,,,,,Raghav Sethi  
Dain Sundstrom     ,Dain Sundstrom,import org.apache.hadoop.hive.serde2.objectinspector.MapObjectInspector,,,,,,,,,,,,,,,,,,Rebecca Schlussel
Dain Sundstrom     ,Dain Sundstrom,import org.apache.hadoop.hive.serde2.objectinspector.ObjectInspector,,,,,,,,,,,,,,,,,,Rishi
Dain Sundstrom     ,Dain Sundstrom,import org.apache.hadoop.hive.serde2.objectinspector.ObjectInspector.Category,,,,,,,,,,,,,,,,,,Rishi 
Dain Sundstrom     ,Dain Sundstrom,import org.apache.hadoop.hive.serde2.objectinspector.PrimitiveObjectInspector,,,,,,,,,,,,,,,,,,Robert Muir
Dain Sundstrom     ,Dain Sundstrom,import org.apache.hadoop.hive.serde2.objectinspector.PrimitiveObjectInspector.PrimitiveCategory,,,,,,,,,,,,,,,,,,Yang Yang  
Dain Sundstrom     ,Dain Sundstrom,import org.apache.hadoop.hive.serde2.objectinspector.StructField,,,,,,,,,,,,,,,,,,Yang Yang  
Dain Sundstrom     ,Dain Sundstrom,import org.apache.hadoop.hive.serde2.objectinspector.StructObjectInspector,,,,,,,,,,,,,,,,,,Yang Yang  
Andrii Rosa        ,Andrii Rosa,import org.apache.hadoop.hive.serde2.typeinfo.VarcharTypeInfo,,,,,,,,,,,,,,,,,,Zhenxiao Luo
Christopher Berner ,Christopher Berner,import org.apache.hadoop.mapred.FileSplit,,,,,,,,,,,,,,,,,,
Dain Sundstrom     ,Dain Sundstrom,import org.apache.hadoop.mapred.InputFormat,660,,,,,,,,,,,,,,,,,
,,,,,,,,,,,,,,,,,,,,
Christopher Berner ,Christopher Berner,import org.apache.hadoop.conf.Configuration,,,,,,,,,,,,,,,,,,
Christopher Berner ,Christopher Berner,import org.apache.hadoop.fs.Path,,,,,,,,,,,,,,,,,,
Karol Sobczak      ,Karol Sobczak,import org.apache.hadoop.hive.common.type.HiveDecimal,,,,,,,,,,,,,,,,,,
Piotr Nowojski     ,Piotr Nowojski,import org.apache.hadoop.hive.common.type.HiveVarchar,,,,,,,,,,,,,,,,,,
Christopher Berner ,Christopher Berner,import org.apache.hadoop.hive.ql.exec.FileSinkOperator.RecordWriter,,,,,,,,,,,,,,,,,,
Christopher Berner ,Christopher Berner,import org.apache.hadoop.hive.ql.io.HiveOutputFormat,,,,,,,,,,,,,,,,,,
Dain Sundstrom     ,Dain Sundstrom,import org.apache.hadoop.hive.serde2.ReaderWriterProfiler,,,,,,,,,,,,,,,,,,
Christopher Berner ,Christopher Berner,import org.apache.hadoop.hive.serde2.SerDe,,,,,,,,,,,,,,,,,,
Christopher Berner ,Christopher Berner,import org.apache.hadoop.hive.serde2.objectinspector.ObjectInspector,,,,,,,,,,,,,,,,,,
Dain Sundstrom     ,Dain Sundstrom,import org.apache.hadoop.hive.serde2.objectinspector.ObjectInspector.Category,,,,,,,,,,,,,,,,,,
Christopher Berner ,Christopher Berner,import org.apache.hadoop.hive.serde2.objectinspector.SettableStructObjectInspector,,,,,,,,,,,,,,,,,,
Christopher Berner ,Christopher Berner,import org.apache.hadoop.hive.serde2.objectinspector.StructField,,,,,,,,,,,,,,,,,,
KarolHiveDecimalObjectInspector,KarolHiveDecimalObjectInspector,,,,,,,,,,,,,,,,,,,
Karol Sobczak      ,Karol Sobczak,import org.apache.hadoop.hive.serde2.typeinfo.DecimalTypeInfo,,,,,,,,,,,,,,,,,,
Christopher Berner ,Christopher Berner,import org.apache.hadoop.io.SequenceFile,,,,,,,,,,,,,,,,,,
Christopher Berner ,Christopher Berner,import org.apache.hadoop.io.Text,,,,,,,,,,,,,,,,,,
Christopher Berner ,Christopher Berner,import org.apache.hadoop.io.Writable,,,,,,,,,,,,,,,,,,
Christopher Berner ,Christopher Berner,import org.apache.hadoop.io.compress.CompressionCodec,,,,,,,,,,,,,,,,,,
Christopher Berner ,Christopher Berner,import org.apache.hadoop.io.compress.CompressionCodecFactory,,,,,,,,,,,,,,,,,,
Christopher Berner ,Christopher Berner,import org.apache.hadoop.mapred.FileSplit,,,,,,,,,,,,,,,,,,
Christopher Berner ,Christopher Berner,import org.apache.hadoop.mapred.JobConf,774,,,,,,,,,,,,,,,,,
,,,,,,,,,,,,,,,,,,,,
Haozhun Jin     ,Haozhun Jin,import org.apache.hadoop.hive.metastore.TableType,,,,,,,,,,,,,,,,,,
Dain Sundstrom  ,Dain Sundstrom,import org.apache.hadoop.hive.metastore.Warehouse,,,,,,,,,,,,,,,,,,
Eric Hwang      ,Eric Hwang,import org.apache.hadoop.hive.metastore.api.Database,,,,,,,,,,,,,,,,,,
Dain Sundstrom  ,Dain Sundstrom,import org.apache.hadoop.hive.metastore.api.FieldSchema,,,,,,,,,,,,,,,,,,
Marc Beitchman  ,Marc Beitchman,import org.apache.hadoop.hive.metastore.api.HiveObjectRef,,,,,,,,,,,,,,,,,,
Eric Hwang      ,Eric Hwang,import org.apache.hadoop.hive.metastore.api.MetaException,,,,,,,,,,,,,,,,,,
Eric Hwang      ,Eric Hwang,import org.apache.hadoop.hive.metastore.api.NoSuchObjectException,,,,,,,,,,,,,,,,,,
Eric Hwang      ,Eric Hwang,import org.apache.hadoop.hive.metastore.api.Partition,,,,,,,,,,,,,,,,,,
Marc Beitchman  ,Marc Beitchman,import org.apache.hadoop.hive.metastore.api.PrincipalPrivilegeSet,,,,,,,,,,,,,,,,,,
Marc Beitchman  ,Marc Beitchman,import org.apache.hadoop.hive.metastore.api.PrincipalType,,,,,,,,,,,,,,,,,,
Amruta Gokhale  ,Amruta Gokhale,import org.apache.hadoop.hive.metastore.api.PrivilegeBag,,,,,,,,,,,,,,,,,,
Marc Beitchman  ,Marc Beitchman,import org.apache.hadoop.hive.metastore.api.Role,,,,,,,,,,,,,,,,,,
Haozhun Jin     ,Haozhun Jin,import org.apache.hadoop.hive.metastore.api.SerDeInfo,,,,,,,,,,,,,,,,,,
Haozhun Jin     ,Haozhun Jin,import org.apache.hadoop.hive.metastore.api.StorageDescriptor,,,,,,,,,,,,,,,,,,
Eric Hwang      ,Eric Hwang,import org.apache.hadoop.hive.metastore.api.Table,267,,,,,,,,,,,,,,,,,
,,,,,,,,,,,,,,,,,,,,
Haozhun Jin ,Haozhun Jin,import org.apache.hadoop.hive.metastore.MetaStoreUtils,,,,,,,,,,,,,,,,,,
Haozhun Jin ,Haozhun Jin,import org.apache.hadoop.hive.metastore.api.FieldSchema,,,,,,,,,,,,,,,,,,
Haozhun Jin ,Haozhun Jin,import org.apache.hadoop.hive.metastore.api.Order,,,,,,,,,,,,,,,,,,
Haozhun Jin ,Haozhun Jin,import org.apache.hadoop.hive.metastore.api.SerDeInfo,,,,,,,,,,,,,,,,,,
Haozhun Jin ,Haozhun Jin,import org.apache.hadoop.hive.metastore.api.StorageDescriptor,154,,,,,,,,,,,,,,,,,
,,,,,,,,,,,,,,,,,,,,
Haozhun Jin        ,Haozhun Jin,import org.apache.hadoop.hive.common.FileUtils,,,,,,,,,,,,,,,,,,
Dain Sundstrom     ,Dain Sundstrom,import org.apache.hadoop.hive.metastore.TableType,,,,,,,,,,,,,,,,,,
Dain Sundstrom     ,Dain Sundstrom,import org.apache.hadoop.hive.metastore.api.Database,,,,,,,,,,,,,,,,,,
Haozhun Jin        ,Haozhun Jin,import org.apache.hadoop.hive.metastore.api.FieldSchema,,,,,,,,,,,,,,,,,,
Dain Sundstrom     ,Dain Sundstrom,import org.apache.hadoop.hive.metastore.api.Partition,,,,,,,,,,,,,,,,,,
Dain Sundstrom     ,Dain Sundstrom,import org.apache.hadoop.hive.metastore.api.PrincipalPrivilegeSet,,,,,,,,,,,,,,,,,,
Dain Sundstrom     ,Dain Sundstrom,import org.apache.hadoop.hive.metastore.api.PrincipalType,,,,,,,,,,,,,,,,,,
Dain Sundstrom     ,Dain Sundstrom,import org.apache.hadoop.hive.metastore.api.PrivilegeGrantInfo,,,,,,,,,,,,,,,,,,
Dain Sundstrom     ,Dain Sundstrom,import org.apache.hadoop.hive.metastore.api.StorageDescriptor,,,,,,,,,,,,,,,,,,
Dain Sundstrom     ,Dain Sundstrom,import org.apache.hadoop.hive.metastore.api.Table,562,,,,,,,,,,,,,,,,,
,,,,,,,,,,,,,,,,,,,,
Dain Sundstrom     ,Dain Sundstrom,import org.apache.hadoop.hive.metastore.api.Database,,,,,,,,,,,,,,,,,,
Dain Sundstrom     ,Dain Sundstrom,import org.apache.hadoop.hive.metastore.api.PrincipalType,221,,,,,,,,,,,,,,,,,
,,,,,,,,,,,,,,,,,,,,
Haozhun Jin       ,Haozhun Jin,import org.apache.hadoop.hive.metastore.Warehouse,,,,,,,,,,,,,,,,,,
Haozhun Jin       ,Haozhun Jin,import org.apache.hadoop.hive.metastore.api.MetaException,,,,,,,,,,,,,,,,,,
Rebecca Schlussel ,Rebecca Schlussel,import org.apache.hadoop.hive.serde2.thrift.ThriftDeserializer,,,,,,,,,,,,,,,,,,
Rebecca Schlussel ,Rebecca Schlussel,import org.apache.hadoop.hive.serde2.thrift.test.IntString,112,,,,,,,,,,,,,,,,,
,,,,,,,,,,,,,,,,,,,,
Nezih Yigitbasi ,Nezih Yigitbasi,import org.apache.hadoop.conf.Configuration,,,,,,,,,,,,,,,,,,
Nezih Yigitbasi ,Nezih Yigitbasi,import org.apache.hadoop.fs.FSDataInputStream,,,,,,,,,,,,,,,,,,
Jonathan Kelly  ,Jonathan Kelly,import org.apache.hadoop.fs.FSDataOutputStream,,,,,,,,,,,,,,,,,,
Nezih Yigitbasi ,Nezih Yigitbasi,import org.apache.hadoop.fs.Path,412,,,,,,,,,,,,,,,,,
,,,,,,,,,,,,,,,,,,,,
Dain Sundstrom     ,Dain Sundstrom,import org.apache.hadoop.hive.metastore.api.Database,97,,,,,,,,,,,,,,,,,
,,,,,,,,,,,,,,,,,,,,
Dain Sundstrom         ,Dain Sundstrom,import org.apache.hadoop.fs.FileStatus,,,,,,,,,,,,,,,,,,
Dain Sundstrom         ,Dain Sundstrom,import org.apache.hadoop.fs.FileSystem,,,,,,,,,,,,,,,,,,
Dain Sundstrom         ,Dain Sundstrom,import org.apache.hadoop.fs.Path,,,,,,,,,,,,,,,,,,
Haozhun Jin            ,Haozhun Jin,import org.apache.hadoop.hive.metastore.TableType,,,,,,,,,,,,,,,,,,
Haozhun Jin            ,Haozhun Jin,import org.apache.hadoop.hive.metastore.api.PrincipalPrivilegeSet,,,,,,,,,,,,,,,,,,
Haozhun Jin            ,Haozhun Jin,import org.apache.hadoop.hive.metastore.api.PrincipalType,,,,,,,,,,,,,,,,,,
Haozhun Jin            ,Haozhun Jin,import org.apache.hadoop.hive.metastore.api.PrivilegeGrantInfo,2662,,,,,,,,,,,,,,,,,
,,,,,,,,,,,,,,,,,,,,
Christopher Berner ,Christopher Berner,import org.apache.hadoop.fs.Path,261,,,,,,,,,,,,,,,,,
,,,,,,,,,,,,,,,,,,,,
Haozhun Jin        ,Haozhun Jin,import org.apache.hadoop.conf.Configuration,,,,,,,,,,,,,,,,,,
Haozhun Jin        ,Haozhun Jin,import org.apache.hadoop.fs.FileSystem,,,,,,,,,,,,,,,,,,
Haozhun Jin        ,Haozhun Jin,import org.apache.hadoop.fs.Path,,,,,,,,,,,,,,,,,,
Haozhun Jin        ,Haozhun Jin,import org.apache.hadoop.hive.ql.exec.FileSinkOperator.RecordWriter,,,,,,,,,,,,,,,,,,
Haozhun Jin        ,Haozhun Jin,import org.apache.hadoop.hive.ql.io.HiveOutputFormat,,,,,,,,,,,,,,,,,,
Haozhun Jin        ,Haozhun Jin,import org.apache.hadoop.hive.ql.io.orc.NullMemoryManager,,,,,,,,,,,,,,,,,,
Haozhun Jin        ,Haozhun Jin,import org.apache.hadoop.hive.ql.io.orc.OrcFile.WriterOptions,,,,,,,,,,,,,,,,,,
Haozhun Jin        ,Haozhun Jin,import org.apache.hadoop.hive.ql.io.orc.OrcInputFormat,,,,,,,,,,,,,,,,,,
Haozhun Jin        ,Haozhun Jin,import org.apache.hadoop.hive.ql.io.orc.OrcOutputFormat,,,,,,,,,,,,,,,,,,
Haozhun Jin        ,Haozhun Jin,import org.apache.hadoop.hive.ql.io.orc.OrcSerde,,,,,,,,,,,,,,,,,,
Haozhun Jin        ,Haozhun Jin,import org.apache.hadoop.hive.ql.io.orc.OrcWriterOptions,,,,,,,,,,,,,,,,,,
Haozhun Jin        ,Haozhun Jin,import org.apache.hadoop.hive.ql.io.orc.Writer,,,,,,,,,,,,,,,,,,
Haozhun Jin        ,Haozhun Jin,import org.apache.hadoop.hive.ql.io.orc.WriterImpl,,,,,,,,,,,,,,,,,,
Haozhun Jin        ,Haozhun Jin,import org.apache.hadoop.hive.serde2.ReaderWriterProfiler,,,,,,,,,,,,,,,,,,
Haozhun Jin        ,Haozhun Jin,import org.apache.hadoop.hive.serde2.SerDe,,,,,,,,,,,,,,,,,,
Haozhun Jin        ,Haozhun Jin,import org.apache.hadoop.hive.serde2.objectinspector.ObjectInspector,,,,,,,,,,,,,,,,,,
Haozhun Jin        ,Haozhun Jin,import org.apache.hadoop.hive.serde2.objectinspector.SettableStructObjectInspector,,,,,,,,,,,,,,,,,,
Haozhun Jin        ,Haozhun Jin,import org.apache.hadoop.hive.serde2.objectinspector.StructField,,,,,,,,,,,,,,,,,,
Haozhun Jin        ,Haozhun Jin,import org.apache.hadoop.io.SequenceFile,,,,,,,,,,,,,,,,,,
Haozhun Jin        ,Haozhun Jin,import org.apache.hadoop.io.Writable,,,,,,,,,,,,,,,,,,
Haozhun Jin        ,Haozhun Jin,import org.apache.hadoop.io.compress.CompressionCodec,,,,,,,,,,,,,,,,,,
Haozhun Jin        ,Haozhun Jin,import org.apache.hadoop.io.compress.CompressionCodecFactory,,,,,,,,,,,,,,,,,,
Haozhun Jin        ,Haozhun Jin,import org.apache.hadoop.mapred.FileSplit,,,,,,,,,,,,,,,,,,
Haozhun Jin        ,Haozhun Jin,import org.apache.hadoop.mapred.JobConf,605,,,,,,,,,,,,,,,,,
,,,,,,,,,,,,,,,,,,,,
Yang Yang          ,Yang Yang,import org.apache.hadoop.fs.Path,,,,,,,,,,,,,,,,,,
Dain Sundstrom     ,Dain Sundstrom,import org.apache.hadoop.hive.serde2.columnar.BytesRefArrayWritable,,,,,,,,,,,,,,,,,,
Dain Sundstrom     ,Dain Sundstrom,import org.apache.hadoop.hive.serde2.columnar.BytesRefWritable,,,,,,,,,,,,,,,,,,
Eric Hwang         ,Eric Hwang,import org.apache.hadoop.hive.serde2.lazy.ByteArrayRef,,,,,,,,,,,,,,,,,,
Eric Hwang         ,Eric Hwang,import org.apache.hadoop.hive.serde2.lazy.LazyFactory,,,,,,,,,,,,,,,,,,
Eric Hwang         ,Eric Hwang,import org.apache.hadoop.hive.serde2.lazy.LazyObject,,,,,,,,,,,,,,,,,,
Eric Hwang         ,Eric Hwang,import org.apache.hadoop.hive.serde2.objectinspector.ObjectInspector,,,,,,,,,,,,,,,,,,
Eric Hwang         ,Eric Hwang,import org.apache.hadoop.hive.serde2.objectinspector.StructObjectInspector,,,,,,,,,,,,,,,,,,
Dain Sundstrom     ,Dain Sundstrom,import org.apache.hadoop.mapred.RecordReader,736,,,,,,,,,,,,,,,,,
,,,,,,,,,,,,,,,,,,,,
Grzegorz Kokosiński ,Grzegorz Kokosiński,import org.apache.hadoop.fs.Path,135,,,,,,,,,,,,,,,,,
,,,,,,,,,,,,,,,,,,,,
Dain Sundstrom     ,Dain Sundstrom,import org.apache.hadoop.conf.Configuration,,,,,,,,,,,,,,,,,,
Dain Sundstrom     ,Dain Sundstrom,import org.apache.hadoop.fs.Path,,,,,,,,,,,,,,,,,,
Christopher Berner ,Christopher Berner,import org.apache.hadoop.hive.serde2.columnar.BytesRefArrayWritable,,,,,,,,,,,,,,,,,,
Christopher Berner ,Christopher Berner,import org.apache.hadoop.hive.serde2.columnar.ColumnarSerDe,,,,,,,,,,,,,,,,,,
Christopher Berner ,Christopher Berner,import org.apache.hadoop.mapred.RecordReader,83,,,,,,,,,,,,,,,,,
,,,,,,,,,,,,,,,,,,,,
Yang Yang ,Yang Yang,import org.apache.hadoop.hive.serde2.typeinfo.TypeInfo,22,,,,,,,,,,,,,,,,,
,,,,,,,,,,,,,,,,,,,,
Marc Beitchman ,Marc Beitchman,import org.apache.hadoop.hive.metastore.api.Database,,,,,,,,,,,,,,,,,,
Marc Beitchman ,Marc Beitchman,import org.apache.hadoop.hive.metastore.api.HiveObjectRef,,,,,,,,,,,,,,,,,,
Marc Beitchman ,Marc Beitchman,import org.apache.hadoop.hive.metastore.api.Partition,,,,,,,,,,,,,,,,,,
Marc Beitchman ,Marc Beitchman,import org.apache.hadoop.hive.metastore.api.PrincipalPrivilegeSet,,,,,,,,,,,,,,,,,,
Marc Beitchman ,Marc Beitchman,import org.apache.hadoop.hive.metastore.api.PrincipalType,,,,,,,,,,,,,,,,,,
Amruta Gokhale ,Amruta Gokhale,import org.apache.hadoop.hive.metastore.api.PrivilegeBag,,,,,,,,,,,,,,,,,,
Marc Beitchman ,Marc Beitchman,import org.apache.hadoop.hive.metastore.api.Role,,,,,,,,,,,,,,,,,,
Marc Beitchman ,Marc Beitchman,import org.apache.hadoop.hive.metastore.api.Table,,,,,,,,,,,,,,,,,,
Marc Beitchman ,Marc Beitchman,import org.apache.hadoop.hive.metastore.api.ThriftHiveMetastore,191,,,,,,,,,,,,,,,,,
,,,,,,,,,,,,,,,,,,,,
David Phillips     ,David Phillips,import org.apache.hadoop.hive.metastore.ProtectMode,327,,,,,,,,,,,,,,,,,
,,,,,,,,,,,,,,,,,,,,
Christopher Berner ,Christopher Berner,import org.apache.hadoop.fs.FileSystem,,,,,,,,,,,,,,,,,,
Christopher Berner ,Christopher Berner,import org.apache.hadoop.fs.LocatedFileStatus,,,,,,,,,,,,,,,,,,
Christopher Berner ,Christopher Berner,import org.apache.hadoop.fs.Path,,,,,,,,,,,,,,,,,,
Christopher Berner ,Christopher Berner,import org.apache.hadoop.fs.RemoteIterator,,,,,,,,,,,,,,,,,,
Christopher Berner ,Christopher Berner,import org.apache.hadoop.mapred.InputFormat,167,,,,,,,,,,,,,,,,,
,,,,,,,,,,,,,,,,,,,,
Karol Sobczak ,Karol Sobczak,import org.apache.hadoop.hive.serde2.io.HiveDecimalWritable,57,,,,,,,,,,,,,,,,,
,,,,,,,,,,,,,,,,,,,,
Dain Sundstrom     ,Dain Sundstrom,import org.apache.hadoop.hive.serde2.io.DateWritable,,,,,,,,,,,,,,,,,,
Karol Sobczak      ,Karol Sobczak,import org.apache.hadoop.hive.serde2.io.HiveDecimalWritable,,,,,,,,,,,,,,,,,,
Dain Sundstrom     ,Dain Sundstrom,import org.apache.hadoop.hive.serde2.io.TimestampWritable,,,,,,,,,,,,,,,,,,
Dain Sundstrom     ,Dain Sundstrom,import org.apache.hadoop.hive.serde2.lazy.LazyDate,,,,,,,,,,,,,,,,,,
Rishi              ,Rishi,import org.apache.hadoop.hive.serde2.objectinspector.ListObjectInspector,,,,,,,,,,,,,,,,,,
Rishi              ,Rishi,import org.apache.hadoop.hive.serde2.objectinspector.MapObjectInspector,,,,,,,,,,,,,,,,,,
Rishi              ,Rishi,import org.apache.hadoop.hive.serde2.objectinspector.ObjectInspector,,,,,,,,,,,,,,,,,,
Rishi              ,Rishi,import org.apache.hadoop.hive.serde2.objectinspector.PrimitiveObjectInspector,,,,,,,,,,,,,,,,,,
Rishi              ,Rishi,import org.apache.hadoop.hive.serde2.objectinspector.StructField,,,,,,,,,,,,,,,,,,
Rishi              ,Rishi,import org.apache.hadoop.hive.serde2.objectinspector.StructObjectInspector,,,,,,,,,,,,,,,,,,
Rishi              ,Rishi,import org.apache.hadoop.hive.serde2.objectinspector.primitive.BinaryObjectInspector,,,,,,,,,,,,,,,,,,
Rishi              ,Rishi,import org.apache.hadoop.hive.serde2.objectinspector.primitive.BooleanObjectInspector,,,,,,,,,,,,,,,,,,
Rishi              ,Rishi,import org.apache.hadoop.hive.serde2.objectinspector.primitive.ByteObjectInspector,,,,,,,,,,,,,,,,,,
Dain Sundstrom     ,Dain Sundstrom,import org.apache.hadoop.hive.serde2.objectinspector.primitive.DateObjectInspector,,,,,,,,,,,,,,,,,,
Rishi              ,Rishi,import org.apache.hadoop.hive.serde2.objectinspector.primitive.DoubleObjectInspector,,,,,,,,,,,,,,,,,,
Rishi              ,Rishi,import org.apache.hadoop.hive.serde2.objectinspector.primitive.FloatObjectInspector,,,,,,,,,,,,,,,,,,
Karol Sobczak      ,Karol Sobczak,import org.apache.hadoop.hive.serde2.objectinspector.primitive.HiveDecimalObjectInspector,,,,,,,,,,,,,,,,,,
Piotr Nowojski     ,Piotr Nowojski,import org.apache.hadoop.hive.serde2.objectinspector.primitive.HiveVarcharObjectInspector,,,,,,,,,,,,,,,,,,
Rishi              ,Rishi,import org.apache.hadoop.hive.serde2.objectinspector.primitive.IntObjectInspector,,,,,,,,,,,,,,,,,,
Rishi              ,Rishi,import org.apache.hadoop.hive.serde2.objectinspector.primitive.LongObjectInspector,,,,,,,,,,,,,,,,,,
Rishi              ,Rishi,import org.apache.hadoop.hive.serde2.objectinspector.primitive.ShortObjectInspector,,,,,,,,,,,,,,,,,,
Rishi              ,Rishi,import org.apache.hadoop.hive.serde2.objectinspector.primitive.StringObjectInspector,,,,,,,,,,,,,,,,,,
Rishi              ,Rishi,import org.apache.hadoop.hive.serde2.objectinspector.primitive.TimestampObjectInspector,289,,,,,,,,,,,,,,,,,
,,,,,,,,,,,,,,,,,,,,
Nezih Yigitbasi ,Nezih Yigitbasi,import org.apache.hadoop.hive.metastore.api.Table,155,,,,,,,,,,,,,,,,,
,,,,,,,,,,,,,,,,,,,,
David Phillips ,David Phillips,import org.apache.hadoop.fs.FileSystem,,,,,,,,,,,,,,,,,,
David Phillips ,David Phillips,import org.apache.hadoop.fs.LocatedFileStatus,,,,,,,,,,,,,,,,,,
David Phillips ,David Phillips,import org.apache.hadoop.fs.Path,,,,,,,,,,,,,,,,,,
David Phillips ,David Phillips,import org.apache.hadoop.fs.RemoteIterator,34,,,,,,,,,,,,,,,,,
,,,,,,,,,,,,,,,,,,,,
Eric Hwang         ,Eric Hwang,import org.apache.hadoop.conf.Configuration,,,,,,,,,,,,,,,,,,
Martin Traverso    ,Martin Traverso,import org.apache.hadoop.fs.FileSystem,,,,,,,,,,,,,,,,,,
David Phillips     ,David Phillips,import org.apache.hadoop.fs.Path,83,,,,,,,,,,,,,,,,,
,,,,,,,,,,,,,,,,,,,,
Andrii Rosa ,Andrii Rosa,import org.apache.hadoop.security.UserGroupInformation,34,,,,,,,,,,,,,,,,,
,,,,,,,,,,,,,,,,,,,,
Andrii Rosa ,Andrii Rosa,import org.apache.hadoop.hive.thrift.client.TUGIAssumingTransport,,,,,,,,,,,,,,,,,,
Andrii Rosa ,Andrii Rosa,import org.apache.hadoop.security.SaslRpcServer,85,,,,,,,,,,,,,,,,,
,,,,,,,,,,,,,,,,,,,,
Andrii Rosa ,Andrii Rosa,import org.apache.hadoop.security.UserGroupInformation,64,,,,,,,,,,,,,,,,,
,,,,,,,,,,,,,,,,,,,,
Andrii Rosa ,Andrii Rosa,import org.apache.hadoop.security.UserGroupInformation,21,,,,,,,,,,,,,,,,,
,,,,,,,,,,,,,,,,,,,,
Andrii Rosa ,Andrii Rosa,import org.apache.hadoop.security.UserGroupInformation,45,,,,,,,,,,,,,,,,,
,,,,,,,,,,,,,,,,,,,,
Andrii Rosa ,Andrii Rosa,import org.apache.hadoop.conf.Configuration,,,,,,,,,,,,,,,,,,
Andrii Rosa ,Andrii Rosa,import org.apache.hadoop.security.UserGroupInformation,,,,,,,,,,,,,,,,,,
Andrii Rosa ,Andrii Rosa,import org.apache.hadoop.security.authentication.util.KerberosName,54,,,,,,,,,,,,,,,,,
,,,,,,,,,,,,,,,,,,,,
Andrii Rosa ,Andrii Rosa,import org.apache.hadoop.security.UserGroupInformation,72,,,,,,,,,,,,,,,,,
,,,,,,,,,,,,,,,,,,,,
Haozhun Jin  ,Haozhun Jin,import org.apache.hadoop.hive.serde2.typeinfo.TypeInfo,56,,,,,,,,,,,,,,,,,
,,,,,,,,,,,,,,,,,,,,
Dain Sundstrom      ,Dain Sundstrom,import org.apache.hadoop.fs.FileStatus,,,,,,,,,,,,,,,,,,
Dain Sundstrom      ,Dain Sundstrom,import org.apache.hadoop.fs.FileSystem,,,,,,,,,,,,,,,,,,
David Phillips      ,David Phillips,import org.apache.hadoop.fs.Path,,,,,,,,,,,,,,,,,,
Haozhun Jin         ,Haozhun Jin,import org.apache.hadoop.hive.conf.HiveConf,,,,,,,,,,,,,,,,,,
David Phillips      ,David Phillips,import org.apache.hadoop.hive.metastore.TableType,,,,,,,,,,,,,,,,,,
Dain Sundstrom      ,Dain Sundstrom,import org.apache.hadoop.hive.metastore.api.PrincipalPrivilegeSet,,,,,,,,,,,,,,,,,,
Dain Sundstrom      ,Dain Sundstrom,import org.apache.hadoop.hive.metastore.api.PrincipalType,,,,,,,,,,,,,,,,,,
Dain Sundstrom      ,Dain Sundstrom,import org.apache.hadoop.hive.metastore.api.PrivilegeGrantInfo,,,,,,,,,,,,,,,,,,
Haozhun Jin         ,Haozhun Jin,import org.apache.hadoop.hive.ql.exec.FileSinkOperator,,,,,,,,,,,,,,,,,,
Haozhun Jin         ,Haozhun Jin,import org.apache.hadoop.mapred.JobConf,1680,,,,,,,,,,,,,,,,,
,,,,,,,,,,,,,,,,,,,,
Haozhun Jin    ,Haozhun Jin,import org.apache.hadoop.hive.metastore.api.StorageDescriptor,97,,,,,,,,,,,,,,,,,
,,,,,,,,,,,,,,,,,,,,
Christopher Berner ,Christopher Berner,import org.apache.hadoop.hive.ql.io.orc.CompressionKind,,,,,,,,,,,,,,,,,,
Christopher Berner ,Christopher Berner,import org.apache.hadoop.io.compress.CompressionCodec,,,,,,,,,,,,,,,,,,
Christopher Berner ,Christopher Berner,import org.apache.hadoop.io.compress.GzipCodec,,,,,,,,,,,,,,,,,,
Christopher Berner ,Christopher Berner,import org.apache.hadoop.io.compress.SnappyCodec,57,,,,,,,,,,,,,,,,,
,,,,,,,,,,,,,,,,,,,,
Haozhun Jin        ,Haozhun Jin,import org.apache.hadoop.hive.common.FileUtils,,,,,,,,,,,,,,,,,,
Haozhun Jin        ,Haozhun Jin,import org.apache.hadoop.hive.metastore.ProtectMode,276,,,,,,,,,,,,,,,,,
,,,,,,,,,,,,,,,,,,,,
Dain Sundstrom     ,Dain Sundstrom,import org.apache.hadoop.conf.Configuration,,,,,,,,,,,,,,,,,,
Dain Sundstrom     ,Dain Sundstrom,import org.apache.hadoop.fs.Path,,,,,,,,,,,,,,,,,,
Christopher Berner ,Christopher Berner,import org.apache.hadoop.io.Writable,,,,,,,,,,,,,,,,,,
Christopher Berner ,Christopher Berner,import org.apache.hadoop.mapred.RecordReader,77,,,,,,,,,,,,,,,,,
,,,,,,,,,,,,,,,,,,,,
Nileema Shingte ,Nileema Shingte,import org.apache.hadoop.hive.ql.io.DefaultHivePartitioner,,,,,,,,,,,,,,,,,,
Nileema Shingte ,Nileema Shingte,import org.apache.hadoop.hive.ql.io.HiveKey,,,,,,,,,,,,,,,,,,
Nileema Shingte ,Nileema Shingte,import org.apache.hadoop.hive.ql.metadata.HiveException,,,,,,,,,,,,,,,,,,
Nileema Shingte ,Nileema Shingte,import org.apache.hadoop.hive.ql.udf.generic.GenericUDFHash,,,,,,,,,,,,,,,,,,
Nileema Shingte ,Nileema Shingte,import org.apache.hadoop.hive.serde2.objectinspector.ObjectInspector,,,,,,,,,,,,,,,,,,
Nileema Shingte ,Nileema Shingte,import org.apache.hadoop.hive.serde2.objectinspector.PrimitiveObjectInspector,,,,,,,,,,,,,,,,,,
Nileema Shingte ,Nileema Shingte,import org.apache.hadoop.hive.serde2.objectinspector.StructField,,,,,,,,,,,,,,,,,,
Nileema Shingte ,Nileema Shingte,import org.apache.hadoop.hive.serde2.objectinspector.primitive.IntObjectInspector,,,,,,,,,,,,,,,,,,
Haozhun Jin     ,Haozhun Jin,import org.apache.hadoop.hive.serde2.typeinfo.ListTypeInfo,,,,,,,,,,,,,,,,,,
Haozhun Jin     ,Haozhun Jin,import org.apache.hadoop.hive.serde2.typeinfo.MapTypeInfo,,,,,,,,,,,,,,,,,,
Haozhun Jin     ,Haozhun Jin,import org.apache.hadoop.hive.serde2.typeinfo.PrimitiveTypeInfo,,,,,,,,,,,,,,,,,,
Haozhun Jin     ,Haozhun Jin,import org.apache.hadoop.hive.serde2.typeinfo.TypeInfo,358,,,,,,,,,,,,,,,,,
,,,,,,,,,,,,,,,,,,,,
David Phillips     ,David Phillips,import org.apache.hadoop.conf.Configuration,,,,,,,,,,,,,,,,,,
David Phillips     ,David Phillips,import org.apache.hadoop.fs.Path,,,,,,,,,,,,,,,,,,
Christopher Berner ,Christopher Berner,import org.apache.hadoop.hive.ql.io.orc.OrcFile.OrcTableProperties,,,,,,,,,,,,,,,,,,
Christopher Berner ,Christopher Berner,import org.apache.hadoop.mapreduce.lib.output.FileOutputFormat,,,,,,,,,,,,,,,,,,
David Phillips     ,David Phillips,import org.apache.hadoop.net.DNSToSwitchMapping,,,,,,,,,,,,,,,,,,
David Phillips     ,David Phillips,import org.apache.hadoop.net.SocksSocketFactory,208,,,,,,,,,,,,,,,,,
,,,,,,,,,,,,,,,,,,,,
Haozhun Jin ,Haozhun Jin,import org.apache.hadoop.fs.Path,59,,,,,,,,,,,,,,,,,
,,,,,,,,,,,,,,,,,,,,
Dain Sundstrom     ,Dain Sundstrom,import org.apache.hadoop.conf.Configuration,,,,,,,,,,,,,,,,,,
Andrii Rosa        ,Andrii Rosa,import org.apache.hadoop.fs.FileSystem,,,,,,,,,,,,,,,,,,
Dain Sundstrom     ,Dain Sundstrom,import org.apache.hadoop.fs.Path,,,,,,,,,,,,,,,,,,
Dain Sundstrom     ,Dain Sundstrom,import org.apache.hadoop.mapreduce.TaskAttemptContext,,,,,,,,,,,,,,,,,,
Dain Sundstrom     ,Dain Sundstrom,import org.apache.hadoop.mapreduce.TaskAttemptID,1458,,,,,,,,,,,,,,,,,
,,,,,,,,,,,,,,,,,,,,
Zhenxiao Luo ,Zhenxiao Luo,import org.apache.hadoop.fs.FSDataInputStream,,,,,,,,,,,,,,,,,,
Zhenxiao Luo ,Zhenxiao Luo,import org.apache.hadoop.fs.FileSystem,,,,,,,,,,,,,,,,,,
Zhenxiao Luo ,Zhenxiao Luo,import org.apache.hadoop.fs.Path,108,,,,,,,,,,,,,,,,,
,,,,,,,,,,,,,,,,,,,,
Yang Yang      ,Yang Yang,import org.apache.hadoop.fs.Path,386,,,,,,,,,,,,,,,,,
,,,,,,,,,,,,,,,,,,,,
Zhenxiao Luo   ,Zhenxiao Luo,import org.apache.hadoop.conf.Configuration,190,,,,,,,,,,,,,,,,,
,,,,,,,,,,,,,,,,,,,,
Zhenxiao Luo ,Zhenxiao Luo,import org.apache.hadoop.fs.FSDataInputStream,,,,,,,,,,,,,,,,,,
Zhenxiao Luo ,Zhenxiao Luo,import org.apache.hadoop.fs.FileStatus,,,,,,,,,,,,,,,,,,
Zhenxiao Luo ,Zhenxiao Luo,import org.apache.hadoop.fs.FileSystem,,,,,,,,,,,,,,,,,,
Zhenxiao Luo ,Zhenxiao Luo,import org.apache.hadoop.fs.Path,295,,,,,,,,,,,,,,,,,
,,,,,,,,,,,,,,,,,,,,
Zhenxiao Luo   ,Zhenxiao Luo,import org.apache.hadoop.conf.Configuration,,,,,,,,,,,,,,,,,,
Andrii Rosa    ,Andrii Rosa,import org.apache.hadoop.fs.FileSystem,,,,,,,,,,,,,,,,,,
Zhenxiao Luo   ,Zhenxiao Luo,import org.apache.hadoop.fs.Path,251,,,,,,,,,,,,,,,,,
,,,,,,,,,,,,,,,,,,,,
Dain Sundstrom    ,Dain Sundstrom,import org.apache.hadoop.conf.Configuration,,,,,,,,,,,,,,,,,,
Dain Sundstrom    ,Dain Sundstrom,import org.apache.hadoop.fs.Path,100,,,,,,,,,,,,,,,,,
,,,,,,,,,,,,,,,,,,,,
David Phillips     ,David Phillips,import org.apache.hadoop.conf.Configuration,72,,,,,,,,,,,,,,,,,
,,,,,,,,,,,,,,,,,,,,
Haozhun Jin ,Haozhun Jin,import org.apache.hadoop.hive.metastore.api.Database,,,,,,,,,,,,,,,,,,
Haozhun Jin ,Haozhun Jin,import org.apache.hadoop.hive.metastore.api.FieldSchema,,,,,,,,,,,,,,,,,,
Haozhun Jin ,Haozhun Jin,import org.apache.hadoop.hive.metastore.api.PrincipalPrivilegeSet,,,,,,,,,,,,,,,,,,
Haozhun Jin ,Haozhun Jin,import org.apache.hadoop.hive.metastore.api.PrivilegeGrantInfo,238,,,,,,,,,,,,,,,,,
,,,,,,,,,,,,,,,,,,,,
Christopher Berner ,Christopher Berner,import org.apache.hadoop.hive.metastore.api.MetaException,97,,,,,,,,,,,,,,,,,
,,,,,,,,,,,,,,,,,,,,
Dain Sundstrom ,Dain Sundstrom,import org.apache.hadoop.hive.metastore.api.Database,,,,,,,,,,,,,,,,,,
Dain Sundstrom ,Dain Sundstrom,import org.apache.hadoop.hive.metastore.api.Partition,,,,,,,,,,,,,,,,,,
Amruta Gokhale ,Amruta Gokhale,import org.apache.hadoop.hive.metastore.api.PrivilegeGrantInfo,,,,,,,,,,,,,,,,,,
Dain Sundstrom ,Dain Sundstrom,import org.apache.hadoop.hive.metastore.api.Table,109,,,,,,,,,,,,,,,,,
,,,,,,,,,,,,,,,,,,,,
Haozhun Jin ,Haozhun Jin,import org.apache.hadoop.hive.metastore.api.Database,,,,,,,,,,,,,,,,,,
Haozhun Jin ,Haozhun Jin,import org.apache.hadoop.hive.metastore.api.PrincipalPrivilegeSet,,,,,,,,,,,,,,,,,,
Haozhun Jin ,Haozhun Jin,import org.apache.hadoop.hive.metastore.api.PrivilegeGrantInfo,83,,,,,,,,,,,,,,,,,
,,,,,,,,,,,,,,,,,,,,
Haozhun Jin ,Haozhun Jin,import org.apache.hadoop.hive.common.FileUtils,,,,,,,,,,,,,,,,,,
Haozhun Jin ,Haozhun Jin,import org.apache.hadoop.hive.metastore.ProtectMode,,,,,,,,,,,,,,,,,,
Haozhun Jin ,Haozhun Jin,import org.apache.hadoop.hive.metastore.api.FieldSchema,,,,,,,,,,,,,,,,,,
Haozhun Jin ,Haozhun Jin,import org.apache.hadoop.hive.metastore.api.PrincipalPrivilegeSet,,,,,,,,,,,,,,,,,,
Haozhun Jin ,Haozhun Jin,import org.apache.hadoop.hive.metastore.api.SerDeInfo,,,,,,,,,,,,,,,,,,
Haozhun Jin ,Haozhun Jin,import org.apache.hadoop.hive.metastore.api.StorageDescriptor,351,,,,,,,,,,,,,,,,,
,,,,,,,,,,,,,,,,,,,,
David Phillips     ,David Phillips,import org.apache.hadoop.hive.metastore.api.Database,,,,,,,,,,,,,,,,,,
Dain Sundstrom     ,Dain Sundstrom,import org.apache.hadoop.hive.metastore.api.PrincipalPrivilegeSet,,,,,,,,,,,,,,,,,,
Dain Sundstrom     ,Dain Sundstrom,import org.apache.hadoop.hive.metastore.api.PrivilegeGrantInfo,815,,,,,,,,,,,,,,,,,
,,,,,,,,,,,,,,,,,,,,
Amruta Gokhale ,Amruta Gokhale,import org.apache.hadoop.hive.metastore.api.PrivilegeGrantInfo,118,,,,,,,,,,,,,,,,,
,,,,,,,,,,,,,,,,,,,,
Haozhun Jin    ,Haozhun Jin,import org.apache.hadoop.hive.metastore.TableType,,,,,,,,,,,,,,,,,,
Haozhun Jin    ,Haozhun Jin,import org.apache.hadoop.hive.metastore.api.AlreadyExistsException,,,,,,,,,,,,,,,,,,
Haozhun Jin    ,Haozhun Jin,import org.apache.hadoop.hive.metastore.api.Database,,,,,,,,,,,,,,,,,,
Haozhun Jin    ,Haozhun Jin,import org.apache.hadoop.hive.metastore.api.HiveObjectPrivilege,,,,,,,,,,,,,,,,,,
Haozhun Jin    ,Haozhun Jin,import org.apache.hadoop.hive.metastore.api.HiveObjectRef,,,,,,,,,,,,,,,,,,
Haozhun Jin    ,Haozhun Jin,import org.apache.hadoop.hive.metastore.api.HiveObjectType,,,,,,,,,,,,,,,,,,
Haozhun Jin    ,Haozhun Jin,import org.apache.hadoop.hive.metastore.api.InvalidObjectException,,,,,,,,,,,,,,,,,,
Haozhun Jin    ,Haozhun Jin,import org.apache.hadoop.hive.metastore.api.InvalidOperationException,,,,,,,,,,,,,,,,,,
Haozhun Jin    ,Haozhun Jin,import org.apache.hadoop.hive.metastore.api.MetaException,,,,,,,,,,,,,,,,,,
Haozhun Jin    ,Haozhun Jin,import org.apache.hadoop.hive.metastore.api.NoSuchObjectException,,,,,,,,,,,,,,,,,,
Haozhun Jin    ,Haozhun Jin,import org.apache.hadoop.hive.metastore.api.Partition,,,,,,,,,,,,,,,,,,
Haozhun Jin    ,Haozhun Jin,import org.apache.hadoop.hive.metastore.api.PrincipalPrivilegeSet,,,,,,,,,,,,,,,,,,
Haozhun Jin    ,Haozhun Jin,import org.apache.hadoop.hive.metastore.api.PrincipalType,,,,,,,,,,,,,,,,,,
Haozhun Jin    ,Haozhun Jin,import org.apache.hadoop.hive.metastore.api.PrivilegeBag,,,,,,,,,,,,,,,,,,
Haozhun Jin    ,Haozhun Jin,import org.apache.hadoop.hive.metastore.api.PrivilegeGrantInfo,,,,,,,,,,,,,,,,,,
Haozhun Jin    ,Haozhun Jin,import org.apache.hadoop.hive.metastore.api.Role,,,,,,,,,,,,,,,,,,
Haozhun Jin    ,Haozhun Jin,import org.apache.hadoop.hive.metastore.api.Table,,,,,,,,,,,,,,,,,,
Haozhun Jin    ,Haozhun Jin,import org.apache.hadoop.hive.metastore.api.UnknownDBException,689,,,,,,,,,,,,,,,,,
,,,,,,,,,,,,,,,,,,,,
Marc Beitchman ,Marc Beitchman,import org.apache.hadoop.hive.metastore.api.Database,,,,,,,,,,,,,,,,,,
Marc Beitchman ,Marc Beitchman,import org.apache.hadoop.hive.metastore.api.HiveObjectRef,,,,,,,,,,,,,,,,,,
Marc Beitchman ,Marc Beitchman,import org.apache.hadoop.hive.metastore.api.Partition,,,,,,,,,,,,,,,,,,
Marc Beitchman ,Marc Beitchman,import org.apache.hadoop.hive.metastore.api.PrincipalPrivilegeSet,,,,,,,,,,,,,,,,,,
Marc Beitchman ,Marc Beitchman,import org.apache.hadoop.hive.metastore.api.PrincipalType,,,,,,,,,,,,,,,,,,
Amruta Gokhale ,Amruta Gokhale,import org.apache.hadoop.hive.metastore.api.PrivilegeBag,,,,,,,,,,,,,,,,,,
Marc Beitchman ,Marc Beitchman,import org.apache.hadoop.hive.metastore.api.Role,,,,,,,,,,,,,,,,,,
Marc Beitchman ,Marc Beitchman,import org.apache.hadoop.hive.metastore.api.Table,91,,,,,,,,,,,,,,,,,
,,,,,,,,,,,,,,,,,,,,
Dain Sundstrom     ,Dain Sundstrom,import org.apache.hadoop.conf.Configuration,,,,,,,,,,,,,,,,,,
Dain Sundstrom     ,Dain Sundstrom,import org.apache.hadoop.fs.Path,,,,,,,,,,,,,,,,,,
Dain Sundstrom     ,Dain Sundstrom,import org.apache.hadoop.hive.common.FileUtils,,,,,,,,,,,,,,,,,,
Dain Sundstrom     ,Dain Sundstrom,import org.apache.hadoop.hive.conf.HiveConf,,,,,,,,,,,,,,,,,,
Dain Sundstrom     ,Dain Sundstrom,import org.apache.hadoop.hive.ql.exec.FileSinkOperator.RecordWriter,,,,,,,,,,,,,,,,,,
Dain Sundstrom     ,Dain Sundstrom,import org.apache.hadoop.hive.ql.io.HiveIgnoreKeyTextOutputFormat,,,,,,,,,,,,,,,,,,
Dain Sundstrom     ,Dain Sundstrom,import org.apache.hadoop.hive.serde2.SerDeException,,,,,,,,,,,,,,,,,,
Dain Sundstrom     ,Dain Sundstrom,import org.apache.hadoop.hive.serde2.Serializer,,,,,,,,,,,,,,,,,,
Martin Traverso    ,Martin Traverso,import org.apache.hadoop.hive.serde2.columnar.OptimizedLazyBinaryColumnarSerde,,,,,,,,,,,,,,,,,,
Dain Sundstrom     ,Dain Sundstrom,import org.apache.hadoop.hive.serde2.objectinspector.SettableStructObjectInspector,,,,,,,,,,,,,,,,,,
Dain Sundstrom     ,Dain Sundstrom,import org.apache.hadoop.hive.serde2.objectinspector.StructField,,,,,,,,,,,,,,,,,,
Haozhun Jin        ,Haozhun Jin,import org.apache.hadoop.hive.serde2.typeinfo.TypeInfo,,,,,,,,,,,,,,,,,,
Dain Sundstrom     ,Dain Sundstrom,import org.apache.hadoop.io.compress.CompressionCodec,,,,,,,,,,,,,,,,,,
Dain Sundstrom     ,Dain Sundstrom,import org.apache.hadoop.io.compress.DefaultCodec,,,,,,,,,,,,,,,,,,
Dain Sundstrom     ,Dain Sundstrom,import org.apache.hadoop.mapred.JobConf,837,,,,,,,,,,,,,,,,,
,,,,,,,,,,,,,,,,,,,,
Yang Yang ,Yang Yang,import org.apache.hadoop.hive.common.type.HiveVarchar,,,,,,,,,,,,,,,,,,
Yang Yang ,Yang Yang,import org.apache.hadoop.hive.serde2.typeinfo.DecimalTypeInfo,,,,,,,,,,,,,,,,,,
Yang Yang ,Yang Yang,import org.apache.hadoop.hive.serde2.typeinfo.TypeInfo,134,,,,,,,,,,,,,,,,,
,,,,,,,,,,,,,,,,,,,,
Dain Sundstrom     ,Dain Sundstrom,import org.apache.hadoop.conf.Configuration,,,,,,,,,,,,,,,,,,
Dain Sundstrom     ,Dain Sundstrom,import org.apache.hadoop.fs.Path,90,,,,,,,,,,,,,,,,,
,,,,,,,,,,,,,,,,,,,,
Yang Yang          ,Yang Yang,import org.apache.hadoop.fs.Path,376,,,,,,,,,,,,,,,,,
,,,,,,,,,,,,,,,,,,,,
Dain Sundstrom     ,Dain Sundstrom,import org.apache.hadoop.fs.FSDataInputStream,64,,,,,,,,,,,,,,,,,
,,,,,,,,,,,,,,,,,,,,
Dain Sundstrom     ,Dain Sundstrom,import org.apache.hadoop.conf.Configuration,,,,,,,,,,,,,,,,,,
Dain Sundstrom     ,Dain Sundstrom,import org.apache.hadoop.fs.FSDataInputStream,,,,,,,,,,,,,,,,,,
Dain Sundstrom     ,Dain Sundstrom,import org.apache.hadoop.fs.FileSystem,,,,,,,,,,,,,,,,,,
Dain Sundstrom     ,Dain Sundstrom,import org.apache.hadoop.fs.Path,,,,,,,,,,,,,,,,,,
Dain Sundstrom     ,Dain Sundstrom,import org.apache.hadoop.hive.ql.io.orc.OrcSerde,261,,,,,,,,,,,,,,,,,
,,,,,,,,,,,,,,,,,,,,
Dain Sundstrom     ,Dain Sundstrom,import org.apache.hadoop.conf.Configuration,,,,,,,,,,,,,,,,,,
Dain Sundstrom     ,Dain Sundstrom,import org.apache.hadoop.fs.Path,42,,,,,,,,,,,,,,,,,
,,,,,,,,,,,,,,,,,,,,
David Phillips ,David Phillips,import org.apache.hadoop.fs.FileSystem,,,,,,,,,,,,,,,,,,
David Phillips ,David Phillips,import org.apache.hadoop.fs.LocatedFileStatus,,,,,,,,,,,,,,,,,,
David Phillips ,David Phillips,import org.apache.hadoop.fs.Path,,,,,,,,,,,,,,,,,,
David Phillips ,David Phillips,import org.apache.hadoop.fs.RemoteIterator,27,,,,,,,,,,,,,,,,,
,,,,,,,,,,,,,,,,,,,,
Haozhun Jin ,Haozhun Jin,import org.apache.hadoop.fs.Path,86,,,,,,,,,,,,,,,,,
,,,,,,,,,,,,,,,,,,,,
Yang Yang          ,Yang Yang,import org.apache.hadoop.fs.Path,,,,,,,,,,,,,,,,,,
Karol Sobczak      ,Karol Sobczak,import org.apache.hadoop.hive.common.type.HiveDecimal,,,,,,,,,,,,,,,,,,
Piotr Nowojski     ,Piotr Nowojski,import org.apache.hadoop.hive.common.type.HiveVarchar,,,,,,,,,,,,,,,,,,
Dain Sundstrom     ,Dain Sundstrom,import org.apache.hadoop.hive.serde2.Deserializer,,,,,,,,,,,,,,,,,,
David Phillips     ,David Phillips,import org.apache.hadoop.hive.serde2.SerDeException,,,,,,,,,,,,,,,,,,
Eric Hwang         ,Eric Hwang,import org.apache.hadoop.hive.serde2.objectinspector.ObjectInspector,,,,,,,,,,,,,,,,,,
Dain Sundstrom     ,Dain Sundstrom,import org.apache.hadoop.hive.serde2.objectinspector.PrimitiveObjectInspector,,,,,,,,,,,,,,,,,,
Dain Sundstrom     ,Dain Sundstrom,import org.apache.hadoop.hive.serde2.objectinspector.StructField,,,,,,,,,,,,,,,,,,
Dain Sundstrom     ,Dain Sundstrom,import org.apache.hadoop.hive.serde2.objectinspector.StructObjectInspector,,,,,,,,,,,,,,,,,,
Dain Sundstrom     ,Dain Sundstrom,import org.apache.hadoop.io.Writable,,,,,,,,,,,,,,,,,,
Dain Sundstrom     ,Dain Sundstrom,import org.apache.hadoop.mapred.RecordReader,605,,,,,,,,,,,,,,,,,
,,,,,,,,,,,,,,,,,,,,
Haozhun Jin ,Haozhun Jin,import org.apache.hadoop.fs.Path,125,,,,,,,,,,,,,,,,,
,,,,,,,,,,,,,,,,,,,,
Dain Sundstrom     ,Dain Sundstrom,import org.apache.hadoop.conf.Configuration,,,,,,,,,,,,,,,,,,
Dain Sundstrom     ,Dain Sundstrom,import org.apache.hadoop.fs.Path,148,,,,,,,,,,,,,,,,,
,,,,,,,,,,,,,,,,,,,,
Dain Sundstrom ,Dain Sundstrom,import org.apache.hadoop.conf.Configuration,,,,,,,,,,,,,,,,,,
Dain Sundstrom ,Dain Sundstrom,import org.apache.hadoop.fs.Path,40,,,,,,,,,,,,,,,,,
,,,,,,,,,,,,,,,,,,,,
Dain Sundstrom     ,Dain Sundstrom,import org.apache.hadoop.conf.Configuration,,,,,,,,,,,,,,,,,,
Dain Sundstrom     ,Dain Sundstrom,import org.apache.hadoop.fs.Path,,,,,,,,,,,,,,,,,,
Christopher Berner ,Christopher Berner,import org.apache.hadoop.hive.serde2.columnar.BytesRefArrayWritable,,,,,,,,,,,,,,,,,,
Christopher Berner ,Christopher Berner,import org.apache.hadoop.hive.serde2.columnar.LazyBinaryColumnarSerDe,,,,,,,,,,,,,,,,,,
Christopher Berner ,Christopher Berner,import org.apache.hadoop.mapred.RecordReader,83,,,,,,,,,,,,,,,,,
,,,,,,,,,,,,,,,,,,,,
Yang Yang          ,Yang Yang,import org.apache.hadoop.fs.Path,,,,,,,,,,,,,,,,,,
Christopher Berner ,Christopher Berner,import org.apache.hadoop.hive.serde2.columnar.BytesRefArrayWritable,,,,,,,,,,,,,,,,,,
Christopher Berner ,Christopher Berner,import org.apache.hadoop.hive.serde2.columnar.BytesRefWritable,,,,,,,,,,,,,,,,,,
Karol Sobczak      ,Karol Sobczak,import org.apache.hadoop.hive.serde2.io.HiveDecimalWritable,,,,,,,,,,,,,,,,,,
Christopher Berner ,Christopher Berner,import org.apache.hadoop.hive.serde2.io.TimestampWritable,,,,,,,,,,,,,,,,,,
Christopher Berner ,Christopher Berner,import org.apache.hadoop.hive.serde2.lazy.ByteArrayRef,,,,,,,,,,,,,,,,,,
Christopher Berner ,Christopher Berner,import org.apache.hadoop.hive.serde2.lazybinary.LazyBinaryFactory,,,,,,,,,,,,,,,,,,
Christopher Berner ,Christopher Berner,import org.apache.hadoop.hive.serde2.lazybinary.LazyBinaryObject,,,,,,,,,,,,,,,,,,
Christopher Berner ,Christopher Berner,import org.apache.hadoop.hive.serde2.objectinspector.ObjectInspector,,,,,,,,,,,,,,,,,,
Piotr Nowojski     ,Piotr Nowojski,import org.apache.hadoop.hive.serde2.objectinspector.PrimitiveObjectInspector.PrimitiveCategory,,,,,,,,,,,,,,,,,,
Christopher Berner ,Christopher Berner,import org.apache.hadoop.hive.serde2.objectinspector.StructObjectInspector,,,,,,,,,,,,,,,,,,
Piotr Nowojski     ,Piotr Nowojski,import org.apache.hadoop.hive.serde2.typeinfo.PrimitiveTypeInfo,,,,,,,,,,,,,,,,,,
Christopher Berner ,Christopher Berner,import org.apache.hadoop.io.WritableUtils,,,,,,,,,,,,,,,,,,
Christopher Berner ,Christopher Berner,import org.apache.hadoop.mapred.RecordReader,804,,,,,,,,,,,,,,,,,
,,,,,,,,,,,,,,,,,,,,
Dain Sundstrom     ,Dain Sundstrom,import org.apache.hadoop.fs.Path,,,,,,,,,,,,,,,,,,
David Phillips     ,David Phillips,import org.apache.hadoop.fs.permission.FsPermission,,,,,,,,,,,,,,,,,,
Andrii Rosa        ,Andrii Rosa,import org.apache.hadoop.hive.common.type.HiveDecimal,,,,,,,,,,,,,,,,,,
Andrii Rosa        ,Andrii Rosa,import org.apache.hadoop.hive.common.type.HiveVarchar,,,,,,,,,,,,,,,,,,
Dain Sundstrom     ,Dain Sundstrom,import org.apache.hadoop.hive.metastore.ProtectMode,,,,,,,,,,,,,,,,,,
Dain Sundstrom     ,Dain Sundstrom,import org.apache.hadoop.hive.metastore.api.Database,,,,,,,,,,,,,,,,,,
Dain Sundstrom     ,Dain Sundstrom,import org.apache.hadoop.hive.ql.exec.FileSinkOperator.RecordWriter,,,,,,,,,,,,,,,,,,
Dain Sundstrom     ,Dain Sundstrom,import org.apache.hadoop.hive.ql.io.HiveOutputFormat,,,,,,,,,,,,,,,,,,
Martin Traverso    ,Martin Traverso,import org.apache.hadoop.hive.serde2.io.DateWritable,,,,,,,,,,,,,,,,,,
Martin Traverso    ,Martin Traverso,import org.apache.hadoop.hive.serde2.io.DoubleWritable,,,,,,,,,,,,,,,,,,
Andrii Rosa        ,Andrii Rosa,import org.apache.hadoop.hive.serde2.io.HiveDecimalWritable,,,,,,,,,,,,,,,,,,
Raghav Sethi       ,Raghav Sethi,import org.apache.hadoop.hive.serde2.io.ShortWritable,,,,,,,,,,,,,,,,,,
Martin Traverso    ,Martin Traverso,import org.apache.hadoop.hive.serde2.io.TimestampWritable,,,,,,,,,,,,,,,,,,
Dain Sundstrom     ,Dain Sundstrom,import org.apache.hadoop.hive.serde2.objectinspector.ObjectInspector,,,,,,,,,,,,,,,,,,
Dain Sundstrom     ,Dain Sundstrom,import org.apache.hadoop.hive.serde2.objectinspector.ObjectInspectorFactory,,,,,,,,,,,,,,,,,,
Haozhun Jin        ,Haozhun Jin,import org.apache.hadoop.hive.serde2.objectinspector.PrimitiveObjectInspector.PrimitiveCategory,,,,,,,,,,,,,,,,,,
Martin Traverso    ,Martin Traverso,import org.apache.hadoop.hive.serde2.objectinspector.SettableStructObjectInspector,,,,,,,,,,,,,,,,,,
Martin Traverso    ,Martin Traverso,import org.apache.hadoop.hive.serde2.objectinspector.StructField,,,,,,,,,,,,,,,,,,
Andrii Rosa        ,Andrii Rosa,import org.apache.hadoop.hive.serde2.typeinfo.DecimalTypeInfo,,,,,,,,,,,,,,,,,,
Haozhun Jin        ,Haozhun Jin,import org.apache.hadoop.hive.serde2.typeinfo.ListTypeInfo,,,,,,,,,,,,,,,,,,
Haozhun Jin        ,Haozhun Jin,import org.apache.hadoop.hive.serde2.typeinfo.MapTypeInfo,,,,,,,,,,,,,,,,,,
Haozhun Jin        ,Haozhun Jin,import org.apache.hadoop.hive.serde2.typeinfo.PrimitiveTypeInfo,,,,,,,,,,,,,,,,,,
Haozhun Jin        ,Haozhun Jin,import org.apache.hadoop.hive.serde2.typeinfo.StructTypeInfo,,,,,,,,,,,,,,,,,,
Haozhun Jin        ,Haozhun Jin,import org.apache.hadoop.hive.serde2.typeinfo.TypeInfo,,,,,,,,,,,,,,,,,,
Martin Traverso    ,Martin Traverso,import org.apache.hadoop.io.BooleanWritable,,,,,,,,,,,,,,,,,,
Raghav Sethi       ,Raghav Sethi,import org.apache.hadoop.io.ByteWritable,,,,,,,,,,,,,,,,,,
Martin Traverso    ,Martin Traverso,import org.apache.hadoop.io.BytesWritable,,,,,,,,,,,,,,,,,,
Raghav Sethi       ,Raghav Sethi,import org.apache.hadoop.io.IntWritable,,,,,,,,,,,,,,,,,,
Martin Traverso    ,Martin Traverso,import org.apache.hadoop.io.LongWritable,,,,,,,,,,,,,,,,,,
Dain Sundstrom     ,Dain Sundstrom,import org.apache.hadoop.io.Text,,,,,,,,,,,,,,,,,,
Dain Sundstrom     ,Dain Sundstrom,import org.apache.hadoop.mapred.JobConf,,,,,,,,,,,,,,,,,,
Dain Sundstrom     ,Dain Sundstrom,import org.apache.hadoop.mapred.Reporter,951,,,,,,,,,,,,,,,,,
,,,,,,,,,,,,,,,,,,,,
Nate Sammons       ,Nate Sammons,import org.apache.hadoop.conf.Configurable,,,,,,,,,,,,,,,,,,
David Phillips     ,David Phillips,import org.apache.hadoop.conf.Configuration,,,,,,,,,,,,,,,,,,
David Phillips     ,David Phillips,import org.apache.hadoop.fs.BlockLocation,,,,,,,,,,,,,,,,,,
David Phillips     ,David Phillips,import org.apache.hadoop.fs.BufferedFSInputStream,,,,,,,,,,,,,,,,,,
David Phillips     ,David Phillips,import org.apache.hadoop.fs.FSDataInputStream,,,,,,,,,,,,,,,,,,
David Phillips     ,David Phillips,import org.apache.hadoop.fs.FSDataOutputStream,,,,,,,,,,,,,,,,,,
David Phillips     ,David Phillips,import org.apache.hadoop.fs.FSInputStream,,,,,,,,,,,,,,,,,,
David Phillips     ,David Phillips,import org.apache.hadoop.fs.FileStatus,,,,,,,,,,,,,,,,,,
David Phillips     ,David Phillips,import org.apache.hadoop.fs.FileSystem,,,,,,,,,,,,,,,,,,
David Phillips     ,David Phillips,import org.apache.hadoop.fs.LocatedFileStatus,,,,,,,,,,,,,,,,,,
David Phillips     ,David Phillips,import org.apache.hadoop.fs.Path,,,,,,,,,,,,,,,,,,
David Phillips     ,David Phillips,import org.apache.hadoop.fs.RemoteIterator,,,,,,,,,,,,,,,,,,
David Phillips     ,David Phillips,import org.apache.hadoop.fs.permission.FsPermission,,,,,,,,,,,,,,,,,,
David Phillips     ,David Phillips,import org.apache.hadoop.util.Progressable,1025,,,,,,,,,,,,,,,,,
,,,,,,,,,,,,,,,,,,,,
Raghav Sethi       ,Raghav Sethi,import org.apache.hadoop.hive.serde2.objectinspector.PrimitiveObjectInspector,,,,,,,,,,,,,,,,,,
Karol Sobczak      ,Karol Sobczak,import org.apache.hadoop.hive.serde2.typeinfo.DecimalTypeInfo,,,,,,,,,,,,,,,,,,
Dain Sundstrom     ,Dain Sundstrom,import org.apache.hadoop.hive.serde2.typeinfo.ListTypeInfo,,,,,,,,,,,,,,,,,,
Dain Sundstrom     ,Dain Sundstrom,import org.apache.hadoop.hive.serde2.typeinfo.MapTypeInfo,,,,,,,,,,,,,,,,,,
Dain Sundstrom     ,Dain Sundstrom,import org.apache.hadoop.hive.serde2.typeinfo.PrimitiveTypeInfo,,,,,,,,,,,,,,,,,,
Dain Sundstrom     ,Dain Sundstrom,import org.apache.hadoop.hive.serde2.typeinfo.StructTypeInfo,,,,,,,,,,,,,,,,,,
Dain Sundstrom     ,Dain Sundstrom,import org.apache.hadoop.hive.serde2.typeinfo.TypeInfo,,,,,,,,,,,,,,,,,,
Andrii Rosa        ,Andrii Rosa,import org.apache.hadoop.hive.serde2.typeinfo.VarcharTypeInfo,317,,,,,,,,,,,,,,,,,
,,,,,,,,,,,,,,,,,,,,
Eric Hwang     ,Eric Hwang,import org.apache.hadoop.conf.Configuration,23,,,,,,,,,,,,,,,,,
,,,,,,,,,,,,,,,,,,,,
Dain Sundstrom     ,Dain Sundstrom,import org.apache.hadoop.conf.Configuration,,,,,,,,,,,,,,,,,,
David Phillips     ,David Phillips,import org.apache.hadoop.fs.FileSystem,,,,,,,,,,,,,,,,,,
David Phillips     ,David Phillips,import org.apache.hadoop.fs.Path,,,,,,,,,,,,,,,,,,
,,,,,,,,,,,,,,,,,,,,
Eric Hwang         ,Eric Hwang,import org.apache.hadoop.hive.ql.io.SymlinkTextInputFormat,,,,,,,,,,,,,,,,,,
Dain Sundstrom     ,Dain Sundstrom,import org.apache.hadoop.hive.ql.io.parquet.MapredParquetInputFormat,,,,,,,,,,,,,,,,,,
Dain Sundstrom     ,Dain Sundstrom,import org.apache.hadoop.hive.ql.io.parquet.serde.ParquetHiveSerDe,,,,,,,,,,,,,,,,,,
David Phillips     ,David Phillips,import org.apache.hadoop.hive.serde2.Deserializer,,,,,,,,,,,,,,,,,,
Nileema Shingte    ,Nileema Shingte,import org.apache.hadoop.hive.serde2.SerDeException,,,,,,,,,,,,,,,,,,
Nileema Shingte    ,Nileema Shingte,import org.apache.hadoop.hive.serde2.objectinspector.ObjectInspector,,,,,,,,,,,,,,,,,,
Nileema Shingte    ,Nileema Shingte,import org.apache.hadoop.hive.serde2.objectinspector.StructField,,,,,,,,,,,,,,,,,,
Nileema Shingte    ,Nileema Shingte,import org.apache.hadoop.hive.serde2.objectinspector.StructObjectInspector,,,,,,,,,,,,,,,,,,
Dain Sundstrom     ,Dain Sundstrom,import org.apache.hadoop.mapred.FileSplit,,,,,,,,,,,,,,,,,,
Eric Hwang         ,Eric Hwang,import org.apache.hadoop.mapred.InputFormat,,,,,,,,,,,,,,,,,,
Eric Hwang         ,Eric Hwang,import org.apache.hadoop.mapred.JobConf,,,,,,,,,,,,,,,,,,
Dain Sundstrom     ,Dain Sundstrom,import org.apache.hadoop.mapred.RecordReader,,,,,,,,,,,,,,,,,,
Dain Sundstrom     ,Dain Sundstrom,import org.apache.hadoop.mapred.Reporter,,,,,,,,,,,,,,,,,,
Eric Hwang         ,Eric Hwang,import org.apache.hadoop.mapred.TextInputFormat,,,,,,,,,,,,,,,,,,
Eric Hwang         ,Eric Hwang,import org.apache.hadoop.util.ReflectionUtils,766,,,,,,,,,,,,,,,,,
,,,,,,,,,,,,,,,,,,,,
David Phillips     ,David Phillips,import org.apache.hadoop.conf.Configuration,,,,,,,,,,,,,,,,,,
David Phillips     ,David Phillips,import org.apache.hadoop.fs.BlockLocation,,,,,,,,,,,,,,,,,,
David Phillips     ,David Phillips,import org.apache.hadoop.fs.FileStatus,,,,,,,,,,,,,,,,,,
David Phillips     ,David Phillips,import org.apache.hadoop.fs.FileSystem,,,,,,,,,,,,,,,,,,
Christopher Berner ,Christopher Berner,import org.apache.hadoop.fs.LocatedFileStatus,,,,,,,,,,,,,,,,,,
David Phillips     ,David Phillips,import org.apache.hadoop.fs.Path,,,,,,,,,,,,,,,,,,
David Phillips     ,David Phillips,import org.apache.hadoop.hive.ql.io.SymlinkTextInputFormat,,,,,,,,,,,,,,,,,,
David Phillips     ,David Phillips,import org.apache.hadoop.mapred.FileInputFormat,,,,,,,,,,,,,,,,,,
David Phillips     ,David Phillips,import org.apache.hadoop.mapred.FileSplit,,,,,,,,,,,,,,,,,,
David Phillips     ,David Phillips,import org.apache.hadoop.mapred.InputFormat,,,,,,,,,,,,,,,,,,
David Phillips     ,David Phillips,import org.apache.hadoop.mapred.InputSplit,,,,,,,,,,,,,,,,,,
David Phillips     ,David Phillips,import org.apache.hadoop.mapred.JobConf,,,,,,,,,,,,,,,,,,
Christopher Berner ,Christopher Berner,import org.apache.hadoop.mapred.TextInputFormat,562,,,,,,,,,,,,,,,,,
,,,,,,,,,,,,,,,,,,,,
Zhenxiao Luo       ,Zhenxiao Luo,import org.apache.hadoop.hive.ql.io.HiveIgnoreKeyTextOutputFormat,,,,,,,,,,,,,,,,,,
Zhenxiao Luo       ,Zhenxiao Luo,import org.apache.hadoop.hive.ql.io.HiveSequenceFileOutputFormat,,,,,,,,,,,,,,,,,,
Zhenxiao Luo       ,Zhenxiao Luo,import org.apache.hadoop.hive.ql.io.RCFileInputFormat,,,,,,,,,,,,,,,,,,
Zhenxiao Luo       ,Zhenxiao Luo,import org.apache.hadoop.hive.ql.io.RCFileOutputFormat,,,,,,,,,,,,,,,,,,
Zhenxiao Luo       ,Zhenxiao Luo,import org.apache.hadoop.hive.ql.io.orc.OrcInputFormat,,,,,,,,,,,,,,,,,,
Zhenxiao Luo       ,Zhenxiao Luo,import org.apache.hadoop.hive.ql.io.orc.OrcOutputFormat,,,,,,,,,,,,,,,,,,
Zhenxiao Luo       ,Zhenxiao Luo,import org.apache.hadoop.hive.ql.io.orc.OrcSerde,,,,,,,,,,,,,,,,,,
Zhenxiao Luo       ,Zhenxiao Luo,import org.apache.hadoop.hive.ql.io.parquet.MapredParquetInputFormat,,,,,,,,,,,,,,,,,,
Zhenxiao Luo       ,Zhenxiao Luo,import org.apache.hadoop.hive.ql.io.parquet.MapredParquetOutputFormat,,,,,,,,,,,,,,,,,,
Zhenxiao Luo       ,Zhenxiao Luo,import org.apache.hadoop.hive.ql.io.parquet.serde.ParquetHiveSerDe,,,,,,,,,,,,,,,,,,
Zhenxiao Luo       ,Zhenxiao Luo,import org.apache.hadoop.hive.serde2.columnar.ColumnarSerDe,,,,,,,,,,,,,,,,,,
Zhenxiao Luo       ,Zhenxiao Luo,import org.apache.hadoop.hive.serde2.columnar.LazyBinaryColumnarSerDe,,,,,,,,,,,,,,,,,,
Zhenxiao Luo       ,Zhenxiao Luo,import org.apache.hadoop.hive.serde2.lazy.LazySimpleSerDe,,,,,,,,,,,,,,,,,,
Zhenxiao Luo       ,Zhenxiao Luo,import org.apache.hadoop.mapred.SequenceFileInputFormat,,,,,,,,,,,,,,,,,,
Zhenxiao Luo       ,Zhenxiao Luo,import org.apache.hadoop.mapred.TextInputFormat,83,,,,,,,,,,,,,,,,,
,,,,,,,,,,,,,,,,,,,,
KarolHiveDecimalObjectInspector,KarolHiveDecimalObjectInspector,,,,,,,,,,,,,,,,,,,
Karol Sobczak   ,Karol Sobczak,import org.apache.hadoop.hive.serde2.typeinfo.DecimalTypeInfo,438,,,,,,,,,,,,,,,,,
,,,,,,,,,,,,,,,,,,,,
Haozhun Jin    ,Haozhun Jin,import org.apache.hadoop.fs.Path,,,,,,,,,,,,,,,,,,
Haozhun Jin    ,Haozhun Jin,import org.apache.hadoop.hive.ql.exec.FileSinkOperator,,,,,,,,,,,,,,,,,,
Haozhun Jin    ,Haozhun Jin,import org.apache.hadoop.hive.ql.io.orc.OrcOutputFormat,,,,,,,,,,,,,,,,,,
Haozhun Jin    ,Haozhun Jin,import org.apache.hadoop.hive.serde2.ReaderWriterProfiler,,,,,,,,,,,,,,,,,,
Haozhun Jin    ,Haozhun Jin,import org.apache.hadoop.hive.serde2.objectinspector.ObjectInspector,,,,,,,,,,,,,,,,,,
Haozhun Jin    ,Haozhun Jin,import org.apache.hadoop.io.Text,,,,,,,,,,,,,,,,,,
Haozhun Jin    ,Haozhun Jin,import org.apache.hadoop.mapred.JobConf,294,,,,,,,,,,,,,,,,,
,,,,,,,,,,,,,,,,,,,,
Lukasz Osipiuk ,Lukasz Osipiuk,import org.apache.hadoop.conf.Configuration,,,,,,,,,,,,,,,,,,
Lukasz Osipiuk ,Lukasz Osipiuk,import org.apache.hadoop.fs.Path,,,,,,,,,,,,,,,,,,
David Phillips ,David Phillips,import org.apache.hadoop.hive.ql.exec.FileSinkOperator,,,,,,,,,,,,,,,,,,
Lukasz Osipiuk ,Lukasz Osipiuk,import org.apache.hadoop.hive.ql.io.orc.NullMemoryManager,,,,,,,,,,,,,,,,,,
Lukasz Osipiuk ,Lukasz Osipiuk,import org.apache.hadoop.hive.ql.io.orc.OrcFile,,,,,,,,,,,,,,,,,,
David Phillips ,David Phillips,import org.apache.hadoop.hive.ql.io.orc.OrcOutputFormat,,,,,,,,,,,,,,,,,,
David Phillips ,David Phillips,import org.apache.hadoop.hive.ql.io.orc.OrcSerde,,,,,,,,,,,,,,,,,,
Lukasz Osipiuk ,Lukasz Osipiuk,import org.apache.hadoop.hive.ql.io.orc.OrcWriterOptions,,,,,,,,,,,,,,,,,,
David Phillips ,David Phillips,import org.apache.hadoop.hive.ql.io.orc.Writer,,,,,,,,,,,,,,,,,,
David Phillips ,David Phillips,import org.apache.hadoop.hive.serde2.SerDeException,,,,,,,,,,,,,,,,,,
David Phillips ,David Phillips,import org.apache.hadoop.hive.serde2.Serializer,,,,,,,,,,,,,,,,,,
David Phillips ,David Phillips,import org.apache.hadoop.hive.serde2.objectinspector.SettableStructObjectInspector,,,,,,,,,,,,,,,,,,
David Phillips ,David Phillips,import org.apache.hadoop.hive.serde2.objectinspector.StructField,,,,,,,,,,,,,,,,,,
David Phillips ,David Phillips,import org.apache.hadoop.io.Writable,272,,,,,,,,,,,,,,,,,
,,,,,,,,,,,,,,,,,,,,
Dain Sundstrom  ,Dain Sundstrom,import org.apache.hadoop.hive.serde2.objectinspector.ObjectInspector,,,,,,,,,,,,,,,,,,
Dain Sundstrom  ,Dain Sundstrom,import org.apache.hadoop.hive.serde2.objectinspector.PrimitiveObjectInspector,,,,,,,,,,,,,,,,,,
Dain Sundstrom  ,Dain Sundstrom,import org.apache.hadoop.hive.serde2.objectinspector.PrimitiveObjectInspector.PrimitiveCategory,365,,,,,,,,,,,,,,,,,
,,,,,,,,,,,,,,,,,,,,
Dain Sundstrom     ,Dain Sundstrom,import org.apache.hadoop.fs.Path,,,,,,,,,,,,,,,,,,
Dain Sundstrom     ,Dain Sundstrom,import org.apache.hadoop.hive.common.type.HiveDecimal,,,,,,,,,,,,,,,,,,
Dain Sundstrom     ,Dain Sundstrom,import org.apache.hadoop.hive.ql.exec.FileSinkOperator.RecordWriter,,,,,,,,,,,,,,,,,,
Dain Sundstrom     ,Dain Sundstrom,import org.apache.hadoop.hive.ql.io.orc.OrcOutputFormat,,,,,,,,,,,,,,,,,,
Dain Sundstrom     ,Dain Sundstrom,import org.apache.hadoop.hive.ql.io.orc.OrcSerde,,,,,,,,,,,,,,,,,,
Dain Sundstrom     ,Dain Sundstrom,import org.apache.hadoop.hive.serde2.ReaderWriterProfiler,,,,,,,,,,,,,,,,,,
Dain Sundstrom     ,Dain Sundstrom,import org.apache.hadoop.hive.serde2.Serializer,,,,,,,,,,,,,,,,,,
Dain Sundstrom     ,Dain Sundstrom,import org.apache.hadoop.hive.serde2.objectinspector.ListObjectInspector,,,,,,,,,,,,,,,,,,
Dain Sundstrom     ,Dain Sundstrom,import org.apache.hadoop.hive.serde2.objectinspector.MapObjectInspector,,,,,,,,,,,,,,,,,,
Dain Sundstrom     ,Dain Sundstrom,import org.apache.hadoop.hive.serde2.objectinspector.ObjectInspector,,,,,,,,,,,,,,,,,,
Dain Sundstrom     ,Dain Sundstrom,import org.apache.hadoop.hive.serde2.objectinspector.PrimitiveObjectInspector,,,,,,,,,,,,,,,,,,
Dain Sundstrom     ,Dain Sundstrom,import org.apache.hadoop.hive.serde2.objectinspector.PrimitiveObjectInspector.PrimitiveCategory,,,,,,,,,,,,,,,,,,
Dain Sundstrom     ,Dain Sundstrom,import org.apache.hadoop.hive.serde2.objectinspector.SettableStructObjectInspector,,,,,,,,,,,,,,,,,,
Dain Sundstrom     ,Dain Sundstrom,import org.apache.hadoop.hive.serde2.objectinspector.StandardListObjectInspector,,,,,,,,,,,,,,,,,,
Dain Sundstrom     ,Dain Sundstrom,import org.apache.hadoop.hive.serde2.objectinspector.StandardMapObjectInspector,,,,,,,,,,,,,,,,,,
Dain Sundstrom     ,Dain Sundstrom,import org.apache.hadoop.hive.serde2.objectinspector.StandardStructObjectInspector,,,,,,,,,,,,,,,,,,
Dain Sundstrom     ,Dain Sundstrom,import org.apache.hadoop.hive.serde2.objectinspector.StructField,,,,,,,,,,,,,,,,,,
Dain Sundstrom     ,Dain Sundstrom,import org.apache.hadoop.hive.serde2.objectinspector.StructObjectInspector,,,,,,,,,,,,,,,,,,
Dain Sundstrom     ,Dain Sundstrom,import org.apache.hadoop.hive.serde2.typeinfo.ListTypeInfo,,,,,,,,,,,,,,,,,,
Dain Sundstrom     ,Dain Sundstrom,import org.apache.hadoop.hive.serde2.typeinfo.MapTypeInfo,,,,,,,,,,,,,,,,,,
Dain Sundstrom     ,Dain Sundstrom,import org.apache.hadoop.hive.serde2.typeinfo.PrimitiveTypeInfo,,,,,,,,,,,,,,,,,,
Dain Sundstrom     ,Dain Sundstrom,import org.apache.hadoop.hive.serde2.typeinfo.StructTypeInfo,,,,,,,,,,,,,,,,,,
Dain Sundstrom     ,Dain Sundstrom,import org.apache.hadoop.hive.serde2.typeinfo.TypeInfo,,,,,,,,,,,,,,,,,,
Dain Sundstrom     ,Dain Sundstrom,import org.apache.hadoop.io.Text,,,,,,,,,,,,,,,,,,
Dain Sundstrom     ,Dain Sundstrom,import org.apache.hadoop.io.Writable,,,,,,,,,,,,,,,,,,
Dain Sundstrom     ,Dain Sundstrom,import org.apache.hadoop.mapred.JobConf,841,,,,,,,,,,,,,,,,,
,,,,,,,,,,,,,,,,,,,,
Dain Sundstrom  ,Dain Sundstrom,import org.apache.hadoop.hive.ql.io.orc.OrcProto,,,,,,,,,,,,,,,,,,
Dain Sundstrom  ,Dain Sundstrom,import org.apache.hadoop.hive.ql.io.orc.OrcProto.RowIndexEntry,463,,,,,,,,,,,,,,,,,
,,,,,,,,,,,,,,,,,,,,
David Phillips ,David Phillips,import org.apache.hadoop.conf.Configuration,,,,,,,,,,,,,,,,,,
David Phillips ,David Phillips,import org.apache.hadoop.fs.FSDataOutputStream,,,,,,,,,,,,,,,,,,
David Phillips ,David Phillips,import org.apache.hadoop.fs.Path,,,,,,,,,,,,,,,,,,
David Phillips ,David Phillips,import org.apache.hadoop.fs.RawLocalFileSystem,,,,,,,,,,,,,,,,,,
David Phillips ,David Phillips,import org.apache.hadoop.util.Progressable,100,,,,,,,,,,,,,,,,,
,,,,,,,,,,,,,,,,,,,,
Lukasz Osipiuk     ,Lukasz Osipiuk,import org.apache.hadoop.hive.common.type.HiveDecimal,202,,,,,,,,,,,,,,,,,
,,,,,,,,,,,,,,,,,,,,
David Phillips     ,David Phillips,import org.apache.hadoop.conf.Configuration,,,,,,,,,,,,,,,,,,
David Phillips     ,David Phillips,import org.apache.hadoop.fs.FileSystem,,,,,,,,,,,,,,,,,,
David Phillips     ,David Phillips,import org.apache.hadoop.fs.Path,,,,,,,,,,,,,,,,,,
Nileema Shingte    ,Nileema Shingte,import org.apache.hadoop.hive.ql.io.orc.NullMemoryManager,,,,,,,,,,,,,,,,,,
David Phillips     ,David Phillips,import org.apache.hadoop.hive.ql.io.orc.OrcFile,,,,,,,,,,,,,,,,,,
David Phillips     ,David Phillips,import org.apache.hadoop.hive.ql.io.orc.OrcOutputFormat,,,,,,,,,,,,,,,,,,
David Phillips     ,David Phillips,import org.apache.hadoop.hive.ql.io.orc.OrcSerde,,,,,,,,,,,,,,,,,,
Nileema Shingte    ,Nileema Shingte,import org.apache.hadoop.hive.ql.io.orc.OrcWriterOptions,,,,,,,,,,,,,,,,,,
David Phillips     ,David Phillips,import org.apache.hadoop.hive.serde2.objectinspector.ObjectInspector,,,,,,,,,,,,,,,,,,
Christopher Berner ,Christopher Berner,import org.apache.hadoop.hive.serde2.objectinspector.ObjectInspector.Category,,,,,,,,,,,,,,,,,,
David Phillips     ,David Phillips,import org.apache.hadoop.hive.serde2.objectinspector.SettableStructObjectInspector,,,,,,,,,,,,,,,,,,
David Phillips     ,David Phillips,import org.apache.hadoop.hive.serde2.objectinspector.StructField,,,,,,,,,,,,,,,,,,
Christopher Berner ,Christopher Berner,import org.apache.hadoop.hive.serde2.typeinfo.ListTypeInfo,,,,,,,,,,,,,,,,,,
Christopher Berner ,Christopher Berner,import org.apache.hadoop.hive.serde2.typeinfo.MapTypeInfo,,,,,,,,,,,,,,,,,,
Christopher Berner ,Christopher Berner,import org.apache.hadoop.hive.serde2.typeinfo.TypeInfo,,,,,,,,,,,,,,,,,,
Christopher Berner ,Christopher Berner,import org.apache.hadoop.hive.serde2.typeinfo.TypeInfoUtils,329,,,,,,,,,,,,,,,,,
,,,,,,,,,,,,,,,,,,,,
David Phillips     ,David Phillips,import org.apache.hadoop.conf.Configuration,,,,,,,,,,,,,,,,,,
David Phillips     ,David Phillips,import org.apache.hadoop.fs.FileSystem,,,,,,,,,,,,,,,,,,
David Phillips     ,David Phillips,import org.apache.hadoop.fs.Path,,,,,,,,,,,,,,,,,,
David Phillips     ,David Phillips,import org.apache.hadoop.hive.ql.io.orc.OrcFile.WriterOptions,,,,,,,,,,,,,,,,,,
David Phillips     ,David Phillips,import org.apache.hadoop.hive.ql.io.orc.OrcStruct,,,,,,,,,,,,,,,,,,
David Phillips     ,David Phillips,import org.apache.hadoop.hive.ql.io.orc.Reader,,,,,,,,,,,,,,,,,,
David Phillips     ,David Phillips,import org.apache.hadoop.hive.ql.io.orc.RecordReader,,,,,,,,,,,,,,,,,,
David Phillips     ,David Phillips,import org.apache.hadoop.hive.ql.io.orc.Writer,,,,,,,,,,,,,,,,,,
David Phillips     ,David Phillips,import org.apache.hadoop.hive.serde2.io.DoubleWritable,,,,,,,,,,,,,,,,,,
David Phillips     ,David Phillips,import org.apache.hadoop.io.BooleanWritable,,,,,,,,,,,,,,,,,,
David Phillips     ,David Phillips,import org.apache.hadoop.io.BytesWritable,,,,,,,,,,,,,,,,,,
David Phillips     ,David Phillips,import org.apache.hadoop.io.LongWritable,,,,,,,,,,,,,,,,,,
David Phillips     ,David Phillips,import org.apache.hadoop.io.Text,202,,,,,,,,,,,,,,,,,
