,Name,Imports,,Name,Unique Imports,,LOC,,Total Imports,,Intra Collab,,Extra Collab,,,,
Sijie Guo  ,Sijie Guo,import org.apache.hadoop.mapreduce.InputSplit,,Abhinay Nagpal,,,,,,,,,,,,,Abhinay Nagpal
Sijie Guo  ,Sijie Guo,import org.apache.hadoop.mapreduce.RecordReader,,Ajay Bhat,,,,,,,,,,,,,Abhinay Nagpal
Sijie Guo  ,Sijie Guo,import org.apache.hadoop.mapreduce.TaskAttemptContext,148,Aljoscha Krettek,,,,,,,,,,,,,Abhinay Nagpal
,,,,Artem Tsikiridis,,,,,,,,,,,,,Ajay Bhat
Sijie Guo  ,Sijie Guo,import org.apache.hadoop.conf.Configurable,,ARUNACHALAM THIRUPATHI,,,,,,,,,,,,,Aljoscha Krettek
Sijie Guo  ,Sijie Guo,import org.apache.hadoop.conf.Configuration,,Bhavani Sudha Saktheeswaran,,,,,,,,,,,,,Aljoscha Krettek
Sijie Guo  ,Sijie Guo,import org.apache.hadoop.mapreduce.InputFormat,,Bhupesh Bansal,,,,,,,,,,,,,Aljoscha Krettek
Sijie Guo  ,Sijie Guo,import org.apache.hadoop.mapreduce.InputSplit,,Chinmay Soman,,,,,,,,,,,,,Aljoscha Krettek
Sijie Guo  ,Sijie Guo,import org.apache.hadoop.mapreduce.JobContext,,Fabian Hueske,,,,,,,,,,,,,Aljoscha Krettek
Sijie Guo  ,Sijie Guo,import org.apache.hadoop.mapreduce.RecordReader,,faisalmoeen,,,,,,,,,,,,,Artem Tsikiridis
Sijie Guo  ,Sijie Guo,import org.apache.hadoop.mapreduce.TaskAttemptContext,127,Felix GV,,,,,,,,,,,,,Artem Tsikiridis
,,,,FelixNeutatz,,,,,,,,,,,,,Artem Tsikiridis
Sijie Guo  ,Sijie Guo,import org.apache.hadoop.io.Writable,,fpompermaier,,,,,,,,,,,,,Arunachalam Thirupathi
Sijie Guo  ,Sijie Guo,import org.apache.hadoop.mapreduce.InputSplit,95,Gaojie Liu,,,,,,,,,,,,,Bhavani Sudha Saktheeswaran
,,,,Greg Hogan,,,,,,,,,,,,,Chinmay Soman
Ufuk Celebi  ,Ufuk Celebi,import org.apache.hadoop.io.Text,,Igor Berman,,,,,,,,,,,,,Chinmay Soman
Ufuk Celebi  ,Ufuk Celebi,import org.apache.hadoop.mapreduce.Job,238,Ivan Mushketyk,,,,,,,,,,,,,Fabian Hueske
,,,,Jay Kreps,,,,,,,,,,,,,Fabian Hueske
twalthr           ,twalthr,import org.apache.hadoop.fs.Path,,Jeff Zhang,,,,,,,,,,,,,Fabian Hueske
twalthr           ,twalthr,import org.apache.hadoop.io.IntWritable,,Josh Mahonin,,,,,,,,,,,,,Fabian Hueske
twalthr           ,twalthr,import org.apache.hadoop.io.LongWritable,,kl0u,,,,,,,,,,,,,Fabian Hueske
twalthr           ,twalthr,import org.apache.hadoop.io.Text,,Kostas Kloudas,,,,,,,,,,,,,faisalmoeen
twalthr           ,twalthr,import org.apache.hadoop.mapreduce.Job,,Lasse Dalegaard,,,,,,,,,,,,,Felix GV
twalthr           ,twalthr,import org.apache.hadoop.mapreduce.lib.input.TextInputFormat,,lrajaram,,,,,,,,,,,,,Felix GV
twalthr           ,twalthr,import org.apache.hadoop.mapreduce.lib.output.TextOutputFormat,120,Martin Liesenberg,,,,,,,,,,,,,Felix GV
,,,,Max,,,,,,,,,,,,,Felix GV
Fabian Hueske  ,Fabian Hueske,import org.apache.hadoop.io.IntWritable,,Maximilian Michels,,,,,,,,,,,,,Felix GV
Fabian Hueske  ,Fabian Hueske,import org.apache.hadoop.io.Text,,mingliang,,,,,,,,,,,,,Felix GV
Fabian Hueske  ,Fabian Hueske,import org.apache.hadoop.mapred.JobConf,,Niels Basjes,,,,,,,,,,,,,Felix GV
Fabian Hueske  ,Fabian Hueske,import org.apache.hadoop.mapred.OutputCollector,,Prabhjyot Singh,,,,,,,,,,,,,FelixNeutatz
Fabian Hueske  ,Fabian Hueske,import org.apache.hadoop.mapred.Reducer,,Prasad Wagle,,,,,,,,,,,,,FelixNeutatz
Fabian Hueske  ,Fabian Hueske,import org.apache.hadoop.mapred.Reporter,213,Robert Metzger,,,,,,,,,,,,,fpompermaier
,,,,Roshan Sumbaly,,,,,,,,,,,,,fpompermaier
Fabian Hueske  ,Fabian Hueske,import org.apache.hadoop.io.IntWritable,,Sebastian Klemke,,,,,,,,,,,,,fpompermaier
Fabian Hueske  ,Fabian Hueske,import org.apache.hadoop.io.Text,,sewen,,,,,,,,,,,,,Jay Kreps
Fabian Hueske  ,Fabian Hueske,import org.apache.hadoop.mapred.JobConf,,Sijie Guo,,,,,,,,,,,,,Jay Kreps
Fabian Hueske  ,Fabian Hueske,import org.apache.hadoop.mapred.Mapper,,Stephan Ewen,,,,,,,,,,,,,Jay Kreps
Fabian Hueske  ,Fabian Hueske,import org.apache.hadoop.mapred.OutputCollector,,StephanEwen,,,,,,,,,,,,,Kostas Kloudas
Fabian Hueske  ,Fabian Hueske,import org.apache.hadoop.mapred.Reporter,182,Till Rohrmann,,,,,,,,,,,,,Lasse Dalegaard
,,,,twalthr,,,,,,,,,,,,,Lasse Dalegaard
Fabian Hueske  ,Fabian Hueske,import org.apache.hadoop.io.IntWritable,,Ufuk Celebi,,,,,,,,,,,,,lrajaram
Fabian Hueske  ,Fabian Hueske,import org.apache.hadoop.io.Text,,yildirim,,,,,,,,,,,,,Martin Liesenberg
Fabian Hueske  ,Fabian Hueske,import org.apache.hadoop.mapred.JobConf,,,,,,,,,,,,,,,Martin Liesenberg
Fabian Hueske  ,Fabian Hueske,import org.apache.hadoop.mapred.OutputCollector,,,,,,,,,,,,,,,Martin Liesenberg
Fabian Hueske  ,Fabian Hueske,import org.apache.hadoop.mapred.Reducer,,,,,,,,,,,,,,,Maximilian Michels
Fabian Hueske  ,Fabian Hueske,import org.apache.hadoop.mapred.Reporter,265,,,,,,,,,,,,,,Maximilian Michels
,,,,,,,,,,,,,,,,,Niels Basjes
Fabian Hueske  ,Fabian Hueske,import org.apache.hadoop.io.IntWritable,,,,,,,,,,,,,,,Robert Metzger
Fabian Hueske  ,Fabian Hueske,import org.apache.hadoop.io.Text,62,,,,,,,,,,,,,,Robert Metzger
,,,,,,,,,,,,,,,,,Robert Metzger
twalthr           ,twalthr,import org.apache.hadoop.fs.Path,,,,,,,,,,,,,,,Robert Metzger
twalthr           ,twalthr,import org.apache.hadoop.io.LongWritable,,,,,,,,,,,,,,,Robert Metzger
twalthr           ,twalthr,import org.apache.hadoop.io.Text,,,,,,,,,,,,,,,Robert Metzger
twalthr           ,twalthr,import org.apache.hadoop.mapred.JobConf,,,,,,,,,,,,,,,Robert Metzger
Artem Tsikiridis  ,Artem Tsikiridis,import org.apache.hadoop.mapred.Mapper,,,,,,,,,,,,,,,Robert Metzger
Artem Tsikiridis  ,Artem Tsikiridis,import org.apache.hadoop.mapred.OutputCollector,,,,,,,,,,,,,,,Robert Metzger
Artem Tsikiridis  ,Artem Tsikiridis,import org.apache.hadoop.mapred.Reducer,,,,,,,,,,,,,,,Robert Metzger
Artem Tsikiridis  ,Artem Tsikiridis,import org.apache.hadoop.mapred.Reporter,,,,,,,,,,,,,,,Robert Metzger
twalthr           ,twalthr,import org.apache.hadoop.mapred.TextInputFormat,,,,,,,,,,,,,,,Roshan Sumbaly
twalthr           ,twalthr,import org.apache.hadoop.mapred.TextOutputFormat,133,,,,,,,,,,,,,,Roshan Sumbaly
,,,,,,,,,,,,,,,,,Sebastian Klemke
Fabian Hueske     ,Fabian Hueske,import org.apache.hadoop.io.IntWritable,139,,,,,,,,,,,,,,Stephan Ewen
,,,,,,,,,,,,,,,,,StephanEwen
Till Rohrmann  ,Till Rohrmann,import org.apache.hadoop.io.Writable,72,,,,,,,,,,,,,,Till Rohrmann
,,,,,,,,,,,,,,,,,twalthr
Stephan Ewen  ,Stephan Ewen,import org.apache.hadoop.io.Writable,,,,,,,,,,,,,,,twalthr
Stephan Ewen  ,Stephan Ewen,import org.apache.hadoop.io.WritableComparator,206,,,,,,,,,,,,,,twalthr
,,,,,,,,,,,,,,,,,twalthr
Stephan Ewen  ,Stephan Ewen,import org.apache.hadoop.io.Writable,84,,,,,,,,,,,,,,twalthr
,,,,,,,,,,,,,,,,,twalthr
Till Rohrmann  ,Till Rohrmann,import org.apache.hadoop.io.WritableComparable,78,,,,,,,,,,,,,,twalthr
,,,,,,,,,,,,,,,,,twalthr
Stephan Ewen    ,Stephan Ewen,import org.apache.hadoop.io.Writable,83,,,,,,,,,,,,,,Ufuk Celebi
,,,,,,,,,,,,,,,,,
Artem Tsikiridis  ,Artem Tsikiridis,import org.apache.hadoop.mapred.JobConf,,,,,,,,,,,,,,,
Artem Tsikiridis  ,Artem Tsikiridis,import org.apache.hadoop.mapred.Mapper,,,,,,,,,,,,,,,
Artem Tsikiridis  ,Artem Tsikiridis,import org.apache.hadoop.mapred.Reporter,133,,,,,,,,,,,,,,
,,,,,,,,,,,,,,,,,
Artem Tsikiridis  ,Artem Tsikiridis,import org.apache.hadoop.mapred.JobConf,,,,,,,,,,,,,,,
Artem Tsikiridis  ,Artem Tsikiridis,import org.apache.hadoop.mapred.Reducer,,,,,,,,,,,,,,,
Artem Tsikiridis  ,Artem Tsikiridis,import org.apache.hadoop.mapred.Reporter,168,,,,,,,,,,,,,,
,,,,,,,,,,,,,,,,,
Artem Tsikiridis  ,Artem Tsikiridis,import org.apache.hadoop.mapred.JobConf,,,,,,,,,,,,,,,
Artem Tsikiridis  ,Artem Tsikiridis,import org.apache.hadoop.mapred.Reducer,,,,,,,,,,,,,,,
Artem Tsikiridis  ,Artem Tsikiridis,import org.apache.hadoop.mapred.Reporter,142,,,,,,,,,,,,,,
,,,,,,,,,,,,,,,,,
Artem Tsikiridis  ,Artem Tsikiridis,import org.apache.hadoop.mapred.OutputCollector,59,,,,,,,,,,,,,,
,,,,,,,,,,,,,,,,,
twalthr           ,twalthr,import org.apache.hadoop.io.Writable,154,,,,,,,,,,,,,,
,,,,,,,,,,,,,,,,,
Robert Metzger  ,Robert Metzger,import org.apache.hadoop.io.NullWritable,,,,,,,,,,,,,,,
twalthr         ,twalthr,import org.apache.hadoop.io.Writable,152,,,,,,,,,,,,,,
,,,,,,,,,,,,,,,,,
twalthr           ,twalthr,import org.apache.hadoop.io.Writable,188,,,,,,,,,,,,,,
,,,,,,,,,,,,,,,,,
Fabian Hueske  ,Fabian Hueske,import org.apache.hadoop.conf.Configuration,160,,,,,,,,,,,,,,
,,,,,,,,,,,,,,,,,
Fabian Hueske  ,Fabian Hueske,import org.apache.hadoop.conf.Configuration,,,,,,,,,,,,,,,
Fabian Hueske  ,Fabian Hueske,import org.apache.hadoop.io.WritableComparable,,,,,,,,,,,,,,,
Fabian Hueske  ,Fabian Hueske,import org.apache.hadoop.mapreduce.InputSplit,,,,,,,,,,,,,,,
Fabian Hueske  ,Fabian Hueske,import org.apache.hadoop.mapreduce.JobContext,,,,,,,,,,,,,,,
Fabian Hueske  ,Fabian Hueske,import org.apache.hadoop.mapreduce.JobID,,,,,,,,,,,,,,,
Fabian Hueske  ,Fabian Hueske,import org.apache.hadoop.mapreduce.RecordReader,,,,,,,,,,,,,,,
Fabian Hueske  ,Fabian Hueske,import org.apache.hadoop.mapreduce.TaskAttemptContext,,,,,,,,,,,,,,,
Fabian Hueske  ,Fabian Hueske,import org.apache.hadoop.mapreduce.TaskAttemptID,410,,,,,,,,,,,,,,
,,,,,,,,,,,,,,,,,
Fabian Hueske  ,Fabian Hueske,import org.apache.hadoop.conf.Configuration,229,,,,,,,,,,,,,,
,,,,,,,,,,,,,,,,,
fpompermaier  ,fpompermaier,import org.apache.hadoop.hbase.client.Mutation,,,,,,,,,,,,,,,
fpompermaier  ,fpompermaier,import org.apache.hadoop.hbase.client.Put,,,,,,,,,,,,,,,
fpompermaier  ,fpompermaier,import org.apache.hadoop.hbase.mapreduce.TableOutputFormat,,,,,,,,,,,,,,,
fpompermaier  ,fpompermaier,import org.apache.hadoop.hbase.util.Bytes,,,,,,,,,,,,,,,
fpompermaier  ,fpompermaier,import org.apache.hadoop.io.Text,,,,,,,,,,,,,,,
fpompermaier  ,fpompermaier,import org.apache.hadoop.mapreduce.Job,201,,,,,,,,,,,,,,
,,,,,,,,,,,,,,,,,
fpompermaier  ,fpompermaier,import org.apache.hadoop.hbase.client.Result,,,,,,,,,,,,,,,
fpompermaier  ,fpompermaier,import org.apache.hadoop.hbase.client.Scan,,,,,,,,,,,,,,,
fpompermaier  ,fpompermaier,import org.apache.hadoop.hbase.util.Bytes,92,,,,,,,,,,,,,,
,,,,,,,,,,,,,,,,,
yildirim          ,yildirim,import org.apache.hadoop.hbase.HBaseConfiguration,,,,,,,,,,,,,,,
yildirim          ,yildirim,import org.apache.hadoop.hbase.client.HTable,,,,,,,,,,,,,,,
yildirim          ,yildirim,import org.apache.hadoop.hbase.client.Put,,,,,,,,,,,,,,,
yildirim          ,yildirim,import org.apache.hadoop.hbase.util.Bytes,113,,,,,,,,,,,,,,
,,,,,,,,,,,,,,,,,
StephanEwen     ,StephanEwen,import org.apache.hadoop.hbase.HBaseConfiguration,,,,,,,,,,,,,,,
StephanEwen     ,StephanEwen,import org.apache.hadoop.hbase.client.HTable,,,,,,,,,,,,,,,
StephanEwen     ,StephanEwen,import org.apache.hadoop.hbase.client.Result,,,,,,,,,,,,,,,
fpompermaier    ,fpompermaier,import org.apache.hadoop.hbase.client.ResultScanner,,,,,,,,,,,,,,,
StephanEwen     ,StephanEwen,import org.apache.hadoop.hbase.client.Scan,,,,,,,,,,,,,,,
StephanEwen     ,StephanEwen,import org.apache.hadoop.hbase.util.Bytes,,,,,,,,,,,,,,,
StephanEwen     ,StephanEwen,import org.apache.hadoop.hbase.util.Pair,253,,,,,,,,,,,,,,
,,,,,,,,,,,,,,,,,
Aljoscha Krettek  ,Aljoscha Krettek,import org.apache.hadoop.conf.Configuration,,,,,,,,,,,,,,,
Aljoscha Krettek  ,Aljoscha Krettek,import org.apache.hadoop.fs.FileSystem,,,,,,,,,,,,,,,
Aljoscha Krettek  ,Aljoscha Krettek,import org.apache.hadoop.fs.LocalFileSystem,330,,,,,,,,,,,,,,
,,,,,,,,,,,,,,,,,
Aljoscha Krettek  ,Aljoscha Krettek,import org.apache.hadoop.fs.FileSystem,1129,,,,,,,,,,,,,,
,,,,,,,,,,,,,,,,,
kl0u  ,kl0u,import org.apache.hadoop.fs.FSDataOutputStream,,,,,,,,,,,,,,,
kl0u  ,kl0u,import org.apache.hadoop.fs.FileUtil,,,,,,,,,,,,,,,
kl0u  ,kl0u,import org.apache.hadoop.hdfs.MiniDFSCluster,300,,,,,,,,,,,,,,
,,,,,,,,,,,,,,,,,
kl0u  ,kl0u,import org.apache.hadoop.fs.FSDataOutputStream,,,,,,,,,,,,,,,
kl0u  ,kl0u,import org.apache.hadoop.fs.FileUtil,,,,,,,,,,,,,,,
kl0u  ,kl0u,import org.apache.hadoop.hdfs.MiniDFSCluster,447,,,,,,,,,,,,,,
,,,,,,,,,,,,,,,,,
Robert Metzger      ,Robert Metzger,import org.apache.hadoop.conf.Configuration,,,,,,,,,,,,,,,
Robert Metzger      ,Robert Metzger,import org.apache.hadoop.fs.FSDataOutputStream,,,,,,,,,,,,,,,
Robert Metzger      ,Robert Metzger,import org.apache.hadoop.fs.FileStatus,,,,,,,,,,,,,,,
Robert Metzger      ,Robert Metzger,import org.apache.hadoop.fs.FileUtil,,,,,,,,,,,,,,,
Robert Metzger      ,Robert Metzger,import org.apache.hadoop.hdfs.MiniDFSCluster,190,,,,,,,,,,,,,,
,,,,,,,,,,,,,,,,,
Stephan Ewen      ,Stephan Ewen,import org.apache.hadoop.conf.Configuration,,,,,,,,,,,,,,,
Stephan Ewen      ,Stephan Ewen,import org.apache.hadoop.hdfs.MiniDFSCluster,337,,,,,,,,,,,,,,
,,,,,,,,,,,,,,,,,
Martin Liesenberg  ,Martin Liesenberg,import org.apache.hadoop.conf.Configurable,,,,,,,,,,,,,,,
Martin Liesenberg  ,Martin Liesenberg,import org.apache.hadoop.conf.Configuration,,,,,,,,,,,,,,,
Martin Liesenberg  ,Martin Liesenberg,import org.apache.hadoop.mapreduce.InputFormat,,,,,,,,,,,,,,,
FelixNeutatz       ,FelixNeutatz,import org.apache.hadoop.mapreduce.InputSplit,,,,,,,,,,,,,,,
FelixNeutatz       ,FelixNeutatz,import org.apache.hadoop.mapreduce.Job,,,,,,,,,,,,,,,
Martin Liesenberg  ,Martin Liesenberg,import org.apache.hadoop.mapreduce.JobContext,,,,,,,,,,,,,,,
FelixNeutatz       ,FelixNeutatz,import org.apache.hadoop.mapreduce.RecordReader,,,,,,,,,,,,,,,
FelixNeutatz       ,FelixNeutatz,import org.apache.hadoop.mapreduce.TaskAttemptContext,,,,,,,,,,,,,,,
FelixNeutatz       ,FelixNeutatz,import org.apache.hadoop.mapreduce.lib.input.FileInputFormat,229,,,,,,,,,,,,,,
,,,,,,,,,,,,,,,,,
Martin Liesenberg  ,Martin Liesenberg,import org.apache.hadoop.conf.Configurable,,,,,,,,,,,,,,,
Ajay Bhat          ,Ajay Bhat,import org.apache.hadoop.conf.Configuration,,,,,,,,,,,,,,,
Martin Liesenberg  ,Martin Liesenberg,import org.apache.hadoop.mapreduce.Job,,,,,,,,,,,,,,,
Martin Liesenberg  ,Martin Liesenberg,import org.apache.hadoop.mapreduce.JobContext,,,,,,,,,,,,,,,
Martin Liesenberg  ,Martin Liesenberg,import org.apache.hadoop.mapreduce.OutputCommitter,,,,,,,,,,,,,,,
Martin Liesenberg  ,Martin Liesenberg,import org.apache.hadoop.mapreduce.OutputFormat,,,,,,,,,,,,,,,
Martin Liesenberg  ,Martin Liesenberg,import org.apache.hadoop.mapreduce.RecordWriter,,,,,,,,,,,,,,,
Martin Liesenberg  ,Martin Liesenberg,import org.apache.hadoop.mapreduce.TaskAttemptContext,197,,,,,,,,,,,,,,
,,,,,,,,,,,,,,,,,
Martin Liesenberg  ,Martin Liesenberg,import org.apache.hadoop.conf.Configurable,,,,,,,,,,,,,,,
Martin Liesenberg  ,Martin Liesenberg,import org.apache.hadoop.conf.Configuration,,,,,,,,,,,,,,,
Martin Liesenberg  ,Martin Liesenberg,import org.apache.hadoop.fs.Path,,,,,,,,,,,,,,,
Martin Liesenberg  ,Martin Liesenberg,import org.apache.hadoop.mapred.FileInputFormat,,,,,,,,,,,,,,,
Martin Liesenberg  ,Martin Liesenberg,import org.apache.hadoop.mapred.FileSplit,,,,,,,,,,,,,,,
Martin Liesenberg  ,Martin Liesenberg,import org.apache.hadoop.mapred.InputFormat,,,,,,,,,,,,,,,
Martin Liesenberg  ,Martin Liesenberg,import org.apache.hadoop.mapred.InputSplit,,,,,,,,,,,,,,,
FelixNeutatz       ,FelixNeutatz,import org.apache.hadoop.mapred.JobConf,,,,,,,,,,,,,,,
Martin Liesenberg  ,Martin Liesenberg,import org.apache.hadoop.mapred.JobConfigurable,,,,,,,,,,,,,,,
Martin Liesenberg  ,Martin Liesenberg,import org.apache.hadoop.mapred.RecordReader,,,,,,,,,,,,,,,
FelixNeutatz       ,FelixNeutatz,import org.apache.hadoop.mapred.Reporter,297,,,,,,,,,,,,,,
,,,,,,,,,,,,,,,,,
Martin Liesenberg  ,Martin Liesenberg,import org.apache.hadoop.conf.Configurable,,,,,,,,,,,,,,,
Martin Liesenberg  ,Martin Liesenberg,import org.apache.hadoop.conf.Configuration,,,,,,,,,,,,,,,
Martin Liesenberg  ,Martin Liesenberg,import org.apache.hadoop.fs.FileSystem,,,,,,,,,,,,,,,
Martin Liesenberg  ,Martin Liesenberg,import org.apache.hadoop.mapred.JobConf,,,,,,,,,,,,,,,
Martin Liesenberg  ,Martin Liesenberg,import org.apache.hadoop.mapred.JobConfigurable,,,,,,,,,,,,,,,
Martin Liesenberg  ,Martin Liesenberg,import org.apache.hadoop.mapred.JobContext,,,,,,,,,,,,,,,
Martin Liesenberg  ,Martin Liesenberg,import org.apache.hadoop.mapred.OutputCommitter,,,,,,,,,,,,,,,
Martin Liesenberg  ,Martin Liesenberg,import org.apache.hadoop.mapred.OutputFormat,,,,,,,,,,,,,,,
Martin Liesenberg  ,Martin Liesenberg,import org.apache.hadoop.mapred.RecordWriter,,,,,,,,,,,,,,,
Martin Liesenberg  ,Martin Liesenberg,import org.apache.hadoop.mapred.Reporter,,,,,,,,,,,,,,,
Martin Liesenberg  ,Martin Liesenberg,import org.apache.hadoop.mapred.TaskAttemptContext,,,,,,,,,,,,,,,
Martin Liesenberg  ,Martin Liesenberg,import org.apache.hadoop.util.Progressable,229,,,,,,,,,,,,,,
,,,,,,,,,,,,,,,,,
Fabian Hueske     ,Fabian Hueske,import org.apache.hadoop.io.Writable,1297,,,,,,,,,,,,,,
,,,,,,,,,,,,,,,,,
Aljoscha Krettek      ,Aljoscha Krettek,import org.apache.hadoop.mapred.JobConf,,,,,,,,,,,,,,,
Aljoscha Krettek      ,Aljoscha Krettek,import org.apache.hadoop.mapreduce.Job,1298,,,,,,,,,,,,,,
,,,,,,,,,,,,,,,,,
Ajay Bhat           ,Ajay Bhat,import org.apache.hadoop.util.GenericOptionsParser,557,,,,,,,,,,,,,,
,,,,,,,,,,,,,,,,,
Martin Liesenberg  ,Martin Liesenberg,import org.apache.hadoop.mapreduce.Job,73,,,,,,,,,,,,,,
,,,,,,,,,,,,,,,,,
twalthr             ,twalthr,import org.apache.hadoop.conf.Configuration,,,,,,,,,,,,,,,
twalthr             ,twalthr,import org.apache.hadoop.mapreduce.JobContext,,,,,,,,,,,,,,,
twalthr             ,twalthr,import org.apache.hadoop.mapreduce.JobID,,,,,,,,,,,,,,,
twalthr             ,twalthr,import org.apache.hadoop.mapreduce.TaskAttemptContext,,,,,,,,,,,,,,,
twalthr             ,twalthr,import org.apache.hadoop.mapreduce.TaskAttemptID,98,,,,,,,,,,,,,,
,,,,,,,,,,,,,,,,,
Ufuk Celebi        ,Ufuk Celebi,import org.apache.hadoop.conf.Configurable,,,,,,,,,,,,,,,
twalthr            ,twalthr,import org.apache.hadoop.mapreduce.Job,,,,,,,,,,,,,,,
twalthr            ,twalthr,import org.apache.hadoop.mapreduce.JobContext,,,,,,,,,,,,,,,
twalthr            ,twalthr,import org.apache.hadoop.mapreduce.JobID,,,,,,,,,,,,,,,
twalthr            ,twalthr,import org.apache.hadoop.mapreduce.RecordReader,,,,,,,,,,,,,,,
twalthr            ,twalthr,import org.apache.hadoop.mapreduce.TaskAttemptContext,,,,,,,,,,,,,,,
twalthr            ,twalthr,import org.apache.hadoop.mapreduce.TaskAttemptID,,,,,,,,,,,,,,,
twalthr            ,twalthr,import org.apache.hadoop.mapreduce.lib.input.FileInputFormat,,,,,,,,,,,,,,,
Robert Metzger     ,Robert Metzger,import org.apache.hadoop.security.Credentials,,,,,,,,,,,,,,,
Robert Metzger     ,Robert Metzger,import org.apache.hadoop.security.UserGroupInformation,330,,,,,,,,,,,,,,
,,,,,,,,,,,,,,,,,
fpompermaier      ,fpompermaier,import org.apache.hadoop.conf.Configurable,,,,,,,,,,,,,,,
twalthr           ,twalthr,import org.apache.hadoop.fs.FileSystem,,,,,,,,,,,,,,,
twalthr           ,twalthr,import org.apache.hadoop.fs.Path,,,,,,,,,,,,,,,
twalthr           ,twalthr,import org.apache.hadoop.mapreduce.Job,,,,,,,,,,,,,,,
Fabian Hueske     ,Fabian Hueske,import org.apache.hadoop.mapreduce.JobContext,,,,,,,,,,,,,,,
twalthr           ,twalthr,import org.apache.hadoop.mapreduce.JobID,,,,,,,,,,,,,,,
Fabian Hueske     ,Fabian Hueske,import org.apache.hadoop.mapreduce.OutputCommitter,,,,,,,,,,,,,,,
twalthr           ,twalthr,import org.apache.hadoop.mapreduce.RecordWriter,,,,,,,,,,,,,,,
twalthr           ,twalthr,import org.apache.hadoop.mapreduce.TaskAttemptContext,,,,,,,,,,,,,,,
twalthr           ,twalthr,import org.apache.hadoop.mapreduce.TaskAttemptID,,,,,,,,,,,,,,,
twalthr           ,twalthr,import org.apache.hadoop.mapreduce.lib.output.FileOutputCommitter,,,,,,,,,,,,,,,
Robert Metzger    ,Robert Metzger,import org.apache.hadoop.security.Credentials,,,,,,,,,,,,,,,
Robert Metzger    ,Robert Metzger,import org.apache.hadoop.security.UserGroupInformation,245,,,,,,,,,,,,,,
,,,,,,,,,,,,,,,,,
twalthr           ,twalthr,import org.apache.hadoop.io.Writable,,,,,,,,,,,,,,,
Robert Metzger    ,Robert Metzger,import org.apache.hadoop.io.WritableFactories,,,,,,,,,,,,,,,
twalthr           ,twalthr,import org.apache.hadoop.mapreduce.JobContext,104,,,,,,,,,,,,,,
,,,,,,,,,,,,,,,,,
Aljoscha Krettek  ,Aljoscha Krettek,import org.apache.hadoop.mapreduce.Job,50,,,,,,,,,,,,,,
,,,,,,,,,,,,,,,,,
Robert Metzger  ,Robert Metzger,import org.apache.hadoop.security.Credentials,49,,,,,,,,,,,,,,
,,,,,,,,,,,,,,,,,
Robert Metzger  ,Robert Metzger,import org.apache.hadoop.security.Credentials,,,,,,,,,,,,,,,
Robert Metzger  ,Robert Metzger,import org.apache.hadoop.security.UserGroupInformation,79,,,,,,,,,,,,,,
,,,,,,,,,,,,,,,,,
Aljoscha Krettek  ,Aljoscha Krettek,import org.apache.hadoop.mapred.JobConf,70,,,,,,,,,,,,,,
,,,,,,,,,,,,,,,,,
Aljoscha Krettek    ,Aljoscha Krettek,import org.apache.hadoop.conf.Configuration,,,,,,,,,,,,,,,
twalthr             ,twalthr,import org.apache.hadoop.mapred.JobConf,,,,,,,,,,,,,,,
twalthr             ,twalthr,import org.apache.hadoop.mapred.JobContext,,,,,,,,,,,,,,,
twalthr             ,twalthr,import org.apache.hadoop.mapred.JobID,,,,,,,,,,,,,,,
twalthr             ,twalthr,import org.apache.hadoop.mapred.TaskAttemptContext,,,,,,,,,,,,,,,
twalthr             ,twalthr,import org.apache.hadoop.mapred.TaskAttemptID,171,,,,,,,,,,,,,,
,,,,,,,,,,,,,,,,,
Artem Tsikiridis   ,Artem Tsikiridis,import org.apache.hadoop.conf.Configurable,,,,,,,,,,,,,,,
twalthr            ,twalthr,import org.apache.hadoop.mapred.FileInputFormat,,,,,,,,,,,,,,,
twalthr            ,twalthr,import org.apache.hadoop.mapred.JobConf,,,,,,,,,,,,,,,
Fabian Hueske      ,Fabian Hueske,import org.apache.hadoop.mapred.JobConfigurable,,,,,,,,,,,,,,,
twalthr            ,twalthr,import org.apache.hadoop.mapred.RecordReader,,,,,,,,,,,,,,,
Robert Metzger     ,Robert Metzger,import org.apache.hadoop.security.Credentials,,,,,,,,,,,,,,,
Robert Metzger     ,Robert Metzger,import org.apache.hadoop.security.UserGroupInformation,,,,,,,,,,,,,,,
twalthr            ,twalthr,import org.apache.hadoop.util.ReflectionUtils,300,,,,,,,,,,,,,,
,,,,,,,,,,,,,,,,,
fpompermaier      ,fpompermaier,import org.apache.hadoop.conf.Configurable,,,,,,,,,,,,,,,
twalthr           ,twalthr,import org.apache.hadoop.mapred.JobConf,,,,,,,,,,,,,,,
Fabian Hueske     ,Fabian Hueske,import org.apache.hadoop.mapred.JobConfigurable,,,,,,,,,,,,,,,
twalthr           ,twalthr,import org.apache.hadoop.mapred.JobContext,,,,,,,,,,,,,,,
twalthr           ,twalthr,import org.apache.hadoop.mapred.JobID,,,,,,,,,,,,,,,
Fabian Hueske     ,Fabian Hueske,import org.apache.hadoop.mapred.OutputCommitter,,,,,,,,,,,,,,,
twalthr           ,twalthr,import org.apache.hadoop.mapred.RecordWriter,,,,,,,,,,,,,,,
twalthr           ,twalthr,import org.apache.hadoop.mapred.TaskAttemptContext,,,,,,,,,,,,,,,
twalthr           ,twalthr,import org.apache.hadoop.mapred.TaskAttemptID,,,,,,,,,,,,,,,
Robert Metzger    ,Robert Metzger,import org.apache.hadoop.security.Credentials,,,,,,,,,,,,,,,
Robert Metzger    ,Robert Metzger,import org.apache.hadoop.security.UserGroupInformation,,,,,,,,,,,,,,,
twalthr           ,twalthr,import org.apache.hadoop.util.ReflectionUtils,211,,,,,,,,,,,,,,
,,,,,,,,,,,,,,,,,
faisalmoeen       ,faisalmoeen,import org.apache.hadoop.mapred.Counters.Counter,,,,,,,,,,,,,,,
faisalmoeen       ,faisalmoeen,import org.apache.hadoop.mapred.InputSplit,,,,,,,,,,,,,,,
faisalmoeen       ,faisalmoeen,import org.apache.hadoop.mapred.Reporter,72,,,,,,,,,,,,,,
,,,,,,,,,,,,,,,,,
Artem Tsikiridis  ,Artem Tsikiridis,import org.apache.hadoop.conf.Configurable,,,,,,,,,,,,,,,
Robert Metzger    ,Robert Metzger,import org.apache.hadoop.io.WritableFactories,,,,,,,,,,,,,,,
faisalmoeen       ,faisalmoeen,import org.apache.hadoop.mapred.JobConf,,,,,,,,,,,,,,,
Fabian Hueske     ,Fabian Hueske,import org.apache.hadoop.mapred.JobConfigurable,128,,,,,,,,,,,,,,
,,,,,,,,,,,,,,,,,
mingliang         ,mingliang,import org.apache.hadoop.util.Progressable,35,,,,,,,,,,,,,,
,,,,,,,,,,,,,,,,,
Aljoscha Krettek  ,Aljoscha Krettek,import org.apache.hadoop.mapred.JobConf,,,,,,,,,,,,,,,
Fabian Hueske     ,Fabian Hueske,import org.apache.hadoop.mapred.OutputCommitter,54,,,,,,,,,,,,,,
,,,,,,,,,,,,,,,,,
Robert Metzger      ,Robert Metzger,import org.apache.hadoop.conf.Configuration,471,,,,,,,,,,,,,,
,,,,,,,,,,,,,,,,,
Robert Metzger      ,Robert Metzger,import org.apache.hadoop.util.VersionInfo,,,,,,,,,,,,,,,
Stephan Ewen        ,Stephan Ewen,import org.apache.hadoop.security.UserGroupInformation,336,,,,,,,,,,,,,,
,,,,,,,,,,,,,,,,,
Max           ,Max,import org.apache.hadoop.conf.Configuration,,,,,,,,,,,,,,,
Max           ,Max,import org.apache.hadoop.security.UserGroupInformation,71,,,,,,,,,,,,,,
,,,,,,,,,,,,,,,,,
Till Rohrmann  ,Till Rohrmann,import org.apache.hadoop.io.Writable,61,,,,,,,,,,,,,,
,,,,,,,,,,,,,,,,,
lrajaram              ,lrajaram,import org.apache.hadoop.fs.{Path => HadoopPath},,,,,,,,,,,,,,,
lrajaram              ,lrajaram,import org.apache.hadoop.mapred.{FileInputFormat => MapredFileInputFormat,,,,,,,,,,,,,,,
Aljoscha Krettek      ,Aljoscha Krettek,import org.apache.hadoop.mapreduce.lib.input.{FileInputFormat => MapreduceFileInputFormat},,,,,,,,,,,,,,,
Aljoscha Krettek      ,Aljoscha Krettek,import org.apache.hadoop.mapreduce.{InputFormat => MapreduceInputFormat,798,,,,,,,,,,,,,,
,,,,,,,,,,,,,,,,,
Aljoscha Krettek  ,Aljoscha Krettek,import org.apache.hadoop.mapreduce.{InputFormat,49,,,,,,,,,,,,,,
,,,,,,,,,,,,,,,,,
Aljoscha Krettek  ,Aljoscha Krettek,import org.apache.hadoop.mapreduce.{Job,32,,,,,,,,,,,,,,
,,,,,,,,,,,,,,,,,
Aljoscha Krettek  ,Aljoscha Krettek,import org.apache.hadoop.mapred.{JobConf,48,,,,,,,,,,,,,,
,,,,,,,,,,,,,,,,,
Fabian Hueske     ,Fabian Hueske,import org.apache.hadoop.mapred.{OutputCommitter,40,,,,,,,,,,,,,,
,,,,,,,,,,,,,,,,,
Aljoscha Krettek      ,Aljoscha Krettek,import org.apache.hadoop.io.Writable,407,,,,,,,,,,,,,,
,,,,,,,,,,,,,,,,,
Aljoscha Krettek  ,Aljoscha Krettek,import org.apache.hadoop.conf.Configuration,,,,,,,,,,,,,,,
Aljoscha Krettek  ,Aljoscha Krettek,import org.apache.hadoop.fs.FSDataInputStream,,,,,,,,,,,,,,,
Aljoscha Krettek  ,Aljoscha Krettek,import org.apache.hadoop.fs.LocatedFileStatus,,,,,,,,,,,,,,,
Aljoscha Krettek  ,Aljoscha Krettek,import org.apache.hadoop.fs.Path,,,,,,,,,,,,,,,
Aljoscha Krettek  ,Aljoscha Krettek,import org.apache.hadoop.fs.RemoteIterator,,,,,,,,,,,,,,,
Aljoscha Krettek  ,Aljoscha Krettek,import org.apache.hadoop.hdfs.MiniDFSCluster,284,,,,,,,,,,,,,,
,,,,,,,,,,,,,,,,,
Aljoscha Krettek  ,Aljoscha Krettek,import org.apache.hadoop.conf.Configuration,,,,,,,,,,,,,,,
Aljoscha Krettek  ,Aljoscha Krettek,import org.apache.hadoop.fs.FSDataInputStream,,,,,,,,,,,,,,,
Aljoscha Krettek  ,Aljoscha Krettek,import org.apache.hadoop.fs.LocatedFileStatus,,,,,,,,,,,,,,,
Aljoscha Krettek  ,Aljoscha Krettek,import org.apache.hadoop.fs.Path,,,,,,,,,,,,,,,
Aljoscha Krettek  ,Aljoscha Krettek,import org.apache.hadoop.fs.RemoteIterator,,,,,,,,,,,,,,,
Aljoscha Krettek  ,Aljoscha Krettek,import org.apache.hadoop.hdfs.MiniDFSCluster,,,,,,,,,,,,,,,
Aljoscha Krettek  ,Aljoscha Krettek,import org.apache.hadoop.io.IntWritable,,,,,,,,,,,,,,,
Aljoscha Krettek  ,Aljoscha Krettek,import org.apache.hadoop.io.SequenceFile,,,,,,,,,,,,,,,
Aljoscha Krettek  ,Aljoscha Krettek,import org.apache.hadoop.io.Text,656,,,,,,,,,,,,,,
,,,,,,,,,,,,,,,,,
Aljoscha Krettek  ,Aljoscha Krettek,import org.apache.hadoop.conf.Configuration,,,,,,,,,,,,,,,
Aljoscha Krettek  ,Aljoscha Krettek,import org.apache.hadoop.fs.FSDataInputStream,,,,,,,,,,,,,,,
Aljoscha Krettek  ,Aljoscha Krettek,import org.apache.hadoop.fs.LocatedFileStatus,,,,,,,,,,,,,,,
Aljoscha Krettek  ,Aljoscha Krettek,import org.apache.hadoop.fs.Path,,,,,,,,,,,,,,,
Aljoscha Krettek  ,Aljoscha Krettek,import org.apache.hadoop.fs.RemoteIterator,,,,,,,,,,,,,,,
Aljoscha Krettek  ,Aljoscha Krettek,import org.apache.hadoop.hdfs.MiniDFSCluster,289,,,,,,,,,,,,,,
,,,,,,,,,,,,,,,,,
Lasse Dalegaard  ,Lasse Dalegaard,import org.apache.hadoop.fs.FileSystem,,,,,,,,,,,,,,,
Lasse Dalegaard  ,Lasse Dalegaard,import org.apache.hadoop.fs.Path,,,,,,,,,,,,,,,
Lasse Dalegaard  ,Lasse Dalegaard,import org.apache.hadoop.fs.FSDataOutputStream,151,,,,,,,,,,,,,,
,,,,,,,,,,,,,,,,,
Aljoscha Krettek  ,Aljoscha Krettek,import org.apache.hadoop.fs.FSDataOutputStream,,,,,,,,,,,,,,,
Lasse Dalegaard   ,Lasse Dalegaard,import org.apache.hadoop.fs.FileSystem,,,,,,,,,,,,,,,
Lasse Dalegaard   ,Lasse Dalegaard,import org.apache.hadoop.fs.Path,86,,,,,,,,,,,,,,
,,,,,,,,,,,,,,,,,
Aljoscha Krettek  ,Aljoscha Krettek,import org.apache.hadoop.fs.Path,43,,,,,,,,,,,,,,
,,,,,,,,,,,,,,,,,
Aljoscha Krettek  ,Aljoscha Krettek,import org.apache.hadoop.fs.FSDataOutputStream,,,,,,,,,,,,,,,
Aljoscha Krettek  ,Aljoscha Krettek,import org.apache.hadoop.fs.FileSystem,,,,,,,,,,,,,,,
Aljoscha Krettek  ,Aljoscha Krettek,import org.apache.hadoop.fs.LocatedFileStatus,,,,,,,,,,,,,,,
Aljoscha Krettek  ,Aljoscha Krettek,import org.apache.hadoop.fs.Path,,,,,,,,,,,,,,,
Aljoscha Krettek  ,Aljoscha Krettek,import org.apache.hadoop.fs.RemoteIterator,,,,,,,,,,,,,,,
Aljoscha Krettek  ,Aljoscha Krettek,import org.apache.hadoop.hdfs.DistributedFileSystem,896,,,,,,,,,,,,,,
,,,,,,,,,,,,,,,,,
Aljoscha Krettek  ,Aljoscha Krettek,import org.apache.hadoop.fs.Path,52,,,,,,,,,,,,,,
,,,,,,,,,,,,,,,,,
Aljoscha Krettek  ,Aljoscha Krettek,import org.apache.hadoop.fs.Path,124,,,,,,,,,,,,,,
,,,,,,,,,,,,,,,,,
Lasse Dalegaard   ,Lasse Dalegaard,import org.apache.hadoop.fs.FileSystem,,,,,,,,,,,,,,,
Lasse Dalegaard   ,Lasse Dalegaard,import org.apache.hadoop.fs.Path,72,,,,,,,,,,,,,,
,,,,,,,,,,,,,,,,,
Aljoscha Krettek  ,Aljoscha Krettek,import org.apache.hadoop.conf.Configuration,,,,,,,,,,,,,,,
Lasse Dalegaard   ,Lasse Dalegaard,import org.apache.hadoop.fs.FileSystem,,,,,,,,,,,,,,,
Lasse Dalegaard   ,Lasse Dalegaard,import org.apache.hadoop.fs.Path,,,,,,,,,,,,,,,
Aljoscha Krettek  ,Aljoscha Krettek,import org.apache.hadoop.io.SequenceFile,,,,,,,,,,,,,,,
Aljoscha Krettek  ,Aljoscha Krettek,import org.apache.hadoop.io.Writable,,,,,,,,,,,,,,,
Aljoscha Krettek  ,Aljoscha Krettek,import org.apache.hadoop.io.compress.CompressionCodec,,,,,,,,,,,,,,,
Aljoscha Krettek  ,Aljoscha Krettek,import org.apache.hadoop.io.compress.CompressionCodecFactory,150,,,,,,,,,,,,,,
,,,,,,,,,,,,,,,,,
Igor Berman  ,Igor Berman,import org.apache.hadoop.fs.FileSystem,,,,,,,,,,,,,,,
Igor Berman  ,Igor Berman,import org.apache.hadoop.fs.Path,,,,,,,,,,,,,,,
Igor Berman  ,Igor Berman,import org.apache.hadoop.mapreduce.lib.output.FileOutputFormat,309,,,,,,,,,,,,,,
,,,,,,,,,,,,,,,,,
Aljoscha Krettek  ,Aljoscha Krettek,import org.apache.hadoop.conf.Configuration,,,,,,,,,,,,,,,
Aljoscha Krettek  ,Aljoscha Krettek,import org.apache.hadoop.fs.FileSystem,,,,,,,,,,,,,,,
Aljoscha Krettek  ,Aljoscha Krettek,import org.apache.hadoop.fs.Path,65,,,,,,,,,,,,,,
,,,,,,,,,,,,,,,,,
Aljoscha Krettek  ,Aljoscha Krettek,import org.apache.hadoop.conf.Configuration,,,,,,,,,,,,,,,
Aljoscha Krettek  ,Aljoscha Krettek,import org.apache.hadoop.fs.FileSystem,,,,,,,,,,,,,,,
Aljoscha Krettek  ,Aljoscha Krettek,import org.apache.hadoop.fs.Path,63,,,,,,,,,,,,,,
,,,,,,,,,,,,,,,,,
Till Rohrmann       ,Till Rohrmann,import org.apache.hadoop.fs.FileSystem,673,,,,,,,,,,,,,,
,,,,,,,,,,,,,,,,,
sewen           ,sewen,import org.apache.hadoop.fs.FileSystem,158,,,,,,,,,,,,,,
,,,,,,,,,,,,,,,,,
kl0u  ,kl0u,import org.apache.hadoop.fs.FSDataOutputStream,,,,,,,,,,,,,,,
kl0u  ,kl0u,import org.apache.hadoop.fs.FileUtil,,,,,,,,,,,,,,,
kl0u  ,kl0u,import org.apache.hadoop.fs.Path,329,,,,,,,,,,,,,,
,,,,,,,,,,,,,,,,,
Aljoscha Krettek  ,Aljoscha Krettek,import org.apache.hadoop.fs.Path,,,,,,,,,,,,,,,
Aljoscha Krettek  ,Aljoscha Krettek,import org.apache.hadoop.io.LongWritable,,,,,,,,,,,,,,,
Aljoscha Krettek  ,Aljoscha Krettek,import org.apache.hadoop.io.Text,,,,,,,,,,,,,,,
Aljoscha Krettek  ,Aljoscha Krettek,import org.apache.hadoop.mapreduce.Job,,,,,,,,,,,,,,,
Aljoscha Krettek  ,Aljoscha Krettek,import org.apache.hadoop.mapreduce.lib.input.TextInputFormat,,,,,,,,,,,,,,,
Aljoscha Krettek  ,Aljoscha Krettek,import org.apache.hadoop.mapreduce.lib.output.TextOutputFormat,112,,,,,,,,,,,,,,
,,,,,,,,,,,,,,,,,
Robert Metzger    ,Robert Metzger,import org.apache.hadoop.fs.FileSystem,,,,,,,,,,,,,,,
Robert Metzger    ,Robert Metzger,import org.apache.hadoop.fs.Path,,,,,,,,,,,,,,,
Robert Metzger    ,Robert Metzger,import org.apache.hadoop.io.IOUtils,,,,,,,,,,,,,,,
Robert Metzger    ,Robert Metzger,import org.apache.hadoop.io.LongWritable,,,,,,,,,,,,,,,
Robert Metzger    ,Robert Metzger,import org.apache.hadoop.io.NullWritable,,,,,,,,,,,,,,,
Robert Metzger    ,Robert Metzger,import org.apache.hadoop.io.SequenceFile,,,,,,,,,,,,,,,
Robert Metzger    ,Robert Metzger,import org.apache.hadoop.io.Text,,,,,,,,,,,,,,,
Robert Metzger    ,Robert Metzger,import org.apache.hadoop.mapred.JobConf,,,,,,,,,,,,,,,
Robert Metzger    ,Robert Metzger,import org.apache.hadoop.mapred.SequenceFileInputFormat,222,,,,,,,,,,,,,,
,,,,,,,,,,,,,,,,,
Aljoscha Krettek  ,Aljoscha Krettek,import org.apache.hadoop.fs.Path,,,,,,,,,,,,,,,
Aljoscha Krettek  ,Aljoscha Krettek,import org.apache.hadoop.io.LongWritable,,,,,,,,,,,,,,,
Aljoscha Krettek  ,Aljoscha Krettek,import org.apache.hadoop.io.Text,,,,,,,,,,,,,,,
Aljoscha Krettek  ,Aljoscha Krettek,import org.apache.hadoop.mapred.JobConf,,,,,,,,,,,,,,,
Aljoscha Krettek  ,Aljoscha Krettek,import org.apache.hadoop.mapred.TextInputFormat,,,,,,,,,,,,,,,
Aljoscha Krettek  ,Aljoscha Krettek,import org.apache.hadoop.mapred.TextOutputFormat,111,,,,,,,,,,,,,,
,,,,,,,,,,,,,,,,,
Greg Hogan  ,Greg Hogan,import org.apache.hadoop.io.IntWritable,730,,,,,,,,,,,,,,
,,,,,,,,,,,,,,,,,
Robert Metzger   ,Robert Metzger,import org.apache.hadoop.io.IntWritable,725,,,,,,,,,,,,,,
,,,,,,,,,,,,,,,,,
Ivan Mushketyk    ,Ivan Mushketyk,import org.apache.hadoop.io.IntWritable,437,,,,,,,,,,,,,,
,,,,,,,,,,,,,,,,,
Aljoscha Krettek  ,Aljoscha Krettek,import org.apache.hadoop.io.Writable,608,,,,,,,,,,,,,,
,,,,,,,,,,,,,,,,,
Aljoscha Krettek  ,Aljoscha Krettek,import org.apache.hadoop.fs.Path,,,,,,,,,,,,,,,
Aljoscha Krettek  ,Aljoscha Krettek,import org.apache.hadoop.io.{Text,,,,,,,,,,,,,,,
Aljoscha Krettek  ,Aljoscha Krettek,import org.apache.hadoop.mapreduce.Job,,,,,,,,,,,,,,,
Aljoscha Krettek  ,Aljoscha Krettek,import org.apache.hadoop.mapreduce.lib.input.TextInputFormat,,,,,,,,,,,,,,,
Aljoscha Krettek  ,Aljoscha Krettek,import org.apache.hadoop.mapreduce.lib.output.{FileOutputFormat,71,,,,,,,,,,,,,,
,,,,,,,,,,,,,,,,,
Aljoscha Krettek  ,Aljoscha Krettek,import org.apache.hadoop.fs.Path,,,,,,,,,,,,,,,
Aljoscha Krettek  ,Aljoscha Krettek,import org.apache.hadoop.io.{Text,,,,,,,,,,,,,,,
Aljoscha Krettek  ,Aljoscha Krettek,import org.apache.hadoop.mapred.{FileOutputFormat,68,,,,,,,,,,,,,,
,,,,,,,,,,,,,,,,,
Till Rohrmann  ,Till Rohrmann,import org.apache.hadoop.yarn.api.records.Container,,,,,,,,,,,,,,,
Till Rohrmann  ,Till Rohrmann,import org.apache.hadoop.yarn.api.records.ContainerId,,,,,,,,,,,,,,,
Till Rohrmann  ,Till Rohrmann,import org.apache.hadoop.yarn.api.records.ContainerLaunchContext,,,,,,,,,,,,,,,
Till Rohrmann  ,Till Rohrmann,import org.apache.hadoop.yarn.api.records.NodeId,,,,,,,,,,,,,,,
Till Rohrmann  ,Till Rohrmann,import org.apache.hadoop.yarn.api.records.Priority,,,,,,,,,,,,,,,
Till Rohrmann  ,Till Rohrmann,import org.apache.hadoop.yarn.api.records.Resource,,,,,,,,,,,,,,,
Till Rohrmann  ,Till Rohrmann,import org.apache.hadoop.yarn.api.records.Token,,,,,,,,,,,,,,,
Till Rohrmann  ,Till Rohrmann,import org.apache.hadoop.yarn.client.api.AMRMClient,,,,,,,,,,,,,,,
Till Rohrmann  ,Till Rohrmann,import org.apache.hadoop.yarn.client.api.NMClient,,,,,,,,,,,,,,,
Till Rohrmann  ,Till Rohrmann,import org.apache.hadoop.yarn.client.api.async.AMRMClientAsync,,,,,,,,,,,,,,,
Till Rohrmann  ,Till Rohrmann,import org.apache.hadoop.yarn.conf.YarnConfiguration,298,,,,,,,,,,,,,,
,,,,,,,,,,,,,,,,,
Till Rohrmann  ,Till Rohrmann,import org.apache.hadoop.yarn.api.records.ContainerLaunchContext,,,,,,,,,,,,,,,
Till Rohrmann  ,Till Rohrmann,import org.apache.hadoop.yarn.client.api.AMRMClient,,,,,,,,,,,,,,,
Till Rohrmann  ,Till Rohrmann,import org.apache.hadoop.yarn.client.api.NMClient,,,,,,,,,,,,,,,
Till Rohrmann  ,Till Rohrmann,import org.apache.hadoop.yarn.client.api.async.AMRMClientAsync,,,,,,,,,,,,,,,
Till Rohrmann  ,Till Rohrmann,import org.apache.hadoop.yarn.conf.YarnConfiguration,111,,,,,,,,,,,,,,
,,,,,,,,,,,,,,,,,
Maximilian Michels  ,Maximilian Michels,import org.apache.hadoop.yarn.api.records.Container,61,,,,,,,,,,,,,,
,,,,,,,,,,,,,,,,,
Maximilian Michels  ,Maximilian Michels,import org.apache.hadoop.yarn.api.records.Container,,,,,,,,,,,,,,,
Maximilian Michels  ,Maximilian Michels,import org.apache.hadoop.yarn.api.records.ContainerStatus,,,,,,,,,,,,,,,
Maximilian Michels  ,Maximilian Michels,import org.apache.hadoop.yarn.api.records.NodeReport,,,,,,,,,,,,,,,
Maximilian Michels  ,Maximilian Michels,import org.apache.hadoop.yarn.client.api.async.AMRMClientAsync,109,,,,,,,,,,,,,,
,,,,,,,,,,,,,,,,,
Robert Metzger      ,Robert Metzger,import org.apache.hadoop.conf.Configuration,,,,,,,,,,,,,,,
Robert Metzger      ,Robert Metzger,import org.apache.hadoop.fs.FileStatus,,,,,,,,,,,,,,,
Robert Metzger      ,Robert Metzger,import org.apache.hadoop.fs.FileSystem,,,,,,,,,,,,,,,
Robert Metzger      ,Robert Metzger,import org.apache.hadoop.fs.Path,,,,,,,,,,,,,,,
Robert Metzger      ,Robert Metzger,import org.apache.hadoop.io.DataOutputBuffer,,,,,,,,,,,,,,,
Robert Metzger      ,Robert Metzger,import org.apache.hadoop.io.Text,,,,,,,,,,,,,,,
Niels Basjes        ,Niels Basjes,import org.apache.hadoop.mapreduce.security.TokenCache,,,,,,,,,,,,,,,
Robert Metzger      ,Robert Metzger,import org.apache.hadoop.security.Credentials,,,,,,,,,,,,,,,
Robert Metzger      ,Robert Metzger,import org.apache.hadoop.security.UserGroupInformation,,,,,,,,,,,,,,,
Robert Metzger      ,Robert Metzger,import org.apache.hadoop.security.token.Token,,,,,,,,,,,,,,,
Robert Metzger      ,Robert Metzger,import org.apache.hadoop.security.token.TokenIdentifier,,,,,,,,,,,,,,,
Robert Metzger      ,Robert Metzger,import org.apache.hadoop.util.StringInterner,,,,,,,,,,,,,,,
Robert Metzger      ,Robert Metzger,import org.apache.hadoop.yarn.api.ApplicationConstants.Environment,,,,,,,,,,,,,,,
Robert Metzger      ,Robert Metzger,import org.apache.hadoop.yarn.api.records.ContainerLaunchContext,,,,,,,,,,,,,,,
Robert Metzger      ,Robert Metzger,import org.apache.hadoop.yarn.api.records.LocalResource,,,,,,,,,,,,,,,
Robert Metzger      ,Robert Metzger,import org.apache.hadoop.yarn.api.records.LocalResourceType,,,,,,,,,,,,,,,
Robert Metzger      ,Robert Metzger,import org.apache.hadoop.yarn.api.records.LocalResourceVisibility,,,,,,,,,,,,,,,
Robert Metzger      ,Robert Metzger,import org.apache.hadoop.yarn.conf.YarnConfiguration,,,,,,,,,,,,,,,
Robert Metzger      ,Robert Metzger,import org.apache.hadoop.yarn.util.ConverterUtils,258,,,,,,,,,,,,,,
,,,,,,,,,,,,,,,,,
Maximilian Michels  ,Maximilian Michels,import org.apache.hadoop.fs.Path,,,,,,,,,,,,,,,
Maximilian Michels  ,Maximilian Michels,import org.apache.hadoop.io.DataOutputBuffer,,,,,,,,,,,,,,,
Maximilian Michels  ,Maximilian Michels,import org.apache.hadoop.security.Credentials,,,,,,,,,,,,,,,
Maximilian Michels  ,Maximilian Michels,import org.apache.hadoop.security.UserGroupInformation,,,,,,,,,,,,,,,
Maximilian Michels  ,Maximilian Michels,import org.apache.hadoop.security.token.Token,,,,,,,,,,,,,,,
Maximilian Michels  ,Maximilian Michels,import org.apache.hadoop.yarn.api.ApplicationConstants,,,,,,,,,,,,,,,
Maximilian Michels  ,Maximilian Michels,import org.apache.hadoop.yarn.api.ApplicationConstants.Environment,,,,,,,,,,,,,,,
Maximilian Michels  ,Maximilian Michels,import org.apache.hadoop.yarn.api.records.ContainerLaunchContext,,,,,,,,,,,,,,,
Maximilian Michels  ,Maximilian Michels,import org.apache.hadoop.yarn.api.records.LocalResource,,,,,,,,,,,,,,,
Maximilian Michels  ,Maximilian Michels,import org.apache.hadoop.yarn.conf.YarnConfiguration,,,,,,,,,,,,,,,
Maximilian Michels  ,Maximilian Michels,import org.apache.hadoop.yarn.util.Records,616,,,,,,,,,,,,,,
,,,,,,,,,,,,,,,,,
Robert Metzger      ,Robert Metzger,import org.apache.hadoop.security.UserGroupInformation,,,,,,,,,,,,,,,
Robert Metzger      ,Robert Metzger,import org.apache.hadoop.security.token.Token,,,,,,,,,,,,,,,
Robert Metzger      ,Robert Metzger,import org.apache.hadoop.security.token.TokenIdentifier,,,,,,,,,,,,,,,
Robert Metzger      ,Robert Metzger,import org.apache.hadoop.yarn.api.ApplicationConstants.Environment,108,,,,,,,,,,,,,,
,,,,,,,,,,,,,,,,,
Maximilian Michels  ,Maximilian Michels,import org.apache.hadoop.yarn.api.records.Container,71,,,,,,,,,,,,,,
,,,,,,,,,,,,,,,,,
Till Rohrmann       ,Till Rohrmann,import org.apache.hadoop.conf.Configuration,,,,,,,,,,,,,,,
Till Rohrmann       ,Till Rohrmann,import org.apache.hadoop.fs.FileSystem,,,,,,,,,,,,,,,
Till Rohrmann       ,Till Rohrmann,import org.apache.hadoop.fs.Path,,,,,,,,,,,,,,,
Till Rohrmann       ,Till Rohrmann,import org.apache.hadoop.fs.permission.FsAction,,,,,,,,,,,,,,,
Till Rohrmann       ,Till Rohrmann,import org.apache.hadoop.fs.permission.FsPermission,,,,,,,,,,,,,,,
Till Rohrmann       ,Till Rohrmann,import org.apache.hadoop.security.UserGroupInformation,,,,,,,,,,,,,,,
Till Rohrmann       ,Till Rohrmann,import org.apache.hadoop.yarn.api.ApplicationConstants,,,,,,,,,,,,,,,
Till Rohrmann       ,Till Rohrmann,import org.apache.hadoop.yarn.api.protocolrecords.GetNewApplicationResponse,,,,,,,,,,,,,,,
Till Rohrmann       ,Till Rohrmann,import org.apache.hadoop.yarn.api.records.ApplicationId,,,,,,,,,,,,,,,
Till Rohrmann       ,Till Rohrmann,import org.apache.hadoop.yarn.api.records.ApplicationReport,,,,,,,,,,,,,,,
Till Rohrmann       ,Till Rohrmann,import org.apache.hadoop.yarn.api.records.ApplicationSubmissionContext,,,,,,,,,,,,,,,
Till Rohrmann       ,Till Rohrmann,import org.apache.hadoop.yarn.api.records.ContainerLaunchContext,,,,,,,,,,,,,,,
Maximilian Michels  ,Maximilian Michels,import org.apache.hadoop.yarn.api.records.FinalApplicationStatus,,,,,,,,,,,,,,,
Till Rohrmann       ,Till Rohrmann,import org.apache.hadoop.yarn.api.records.LocalResource,,,,,,,,,,,,,,,
Till Rohrmann       ,Till Rohrmann,import org.apache.hadoop.yarn.api.records.NodeReport,,,,,,,,,,,,,,,
Till Rohrmann       ,Till Rohrmann,import org.apache.hadoop.yarn.api.records.NodeState,,,,,,,,,,,,,,,
Till Rohrmann       ,Till Rohrmann,import org.apache.hadoop.yarn.api.records.QueueInfo,,,,,,,,,,,,,,,
Till Rohrmann       ,Till Rohrmann,import org.apache.hadoop.yarn.api.records.Resource,,,,,,,,,,,,,,,
Till Rohrmann       ,Till Rohrmann,import org.apache.hadoop.yarn.api.records.YarnApplicationState,,,,,,,,,,,,,,,
Till Rohrmann       ,Till Rohrmann,import org.apache.hadoop.yarn.api.records.YarnClusterMetrics,,,,,,,,,,,,,,,
Till Rohrmann       ,Till Rohrmann,import org.apache.hadoop.yarn.client.api.YarnClient,,,,,,,,,,,,,,,
Till Rohrmann       ,Till Rohrmann,import org.apache.hadoop.yarn.client.api.YarnClientApplication,,,,,,,,,,,,,,,
Till Rohrmann       ,Till Rohrmann,import org.apache.hadoop.yarn.conf.YarnConfiguration,,,,,,,,,,,,,,,
Till Rohrmann       ,Till Rohrmann,import org.apache.hadoop.yarn.exceptions.YarnException,,,,,,,,,,,,,,,
Sebastian Klemke    ,Sebastian Klemke,import org.apache.hadoop.yarn.util.ConverterUtils,,,,,,,,,,,,,,,
Till Rohrmann       ,Till Rohrmann,import org.apache.hadoop.yarn.util.Records,1054,,,,,,,,,,,,,,
,,,,,,,,,,,,,,,,,
Maximilian Michels  ,Maximilian Michels,import org.apache.hadoop.yarn.api.protocolrecords.RegisterApplicationMasterResponse,,,,,,,,,,,,,,,
Maximilian Michels  ,Maximilian Michels,import org.apache.hadoop.yarn.api.records.Container,,,,,,,,,,,,,,,
Maximilian Michels  ,Maximilian Michels,import org.apache.hadoop.yarn.api.records.ContainerId,,,,,,,,,,,,,,,
Maximilian Michels  ,Maximilian Michels,import org.apache.hadoop.yarn.api.records.ContainerLaunchContext,,,,,,,,,,,,,,,
Maximilian Michels  ,Maximilian Michels,import org.apache.hadoop.yarn.api.records.ContainerStatus,,,,,,,,,,,,,,,
Maximilian Michels  ,Maximilian Michels,import org.apache.hadoop.yarn.api.records.FinalApplicationStatus,,,,,,,,,,,,,,,
Maximilian Michels  ,Maximilian Michels,import org.apache.hadoop.yarn.api.records.Priority,,,,,,,,,,,,,,,
Maximilian Michels  ,Maximilian Michels,import org.apache.hadoop.yarn.api.records.Resource,,,,,,,,,,,,,,,
Maximilian Michels  ,Maximilian Michels,import org.apache.hadoop.yarn.client.api.AMRMClient,,,,,,,,,,,,,,,
Maximilian Michels  ,Maximilian Michels,import org.apache.hadoop.yarn.client.api.NMClient,,,,,,,,,,,,,,,
Maximilian Michels  ,Maximilian Michels,import org.apache.hadoop.yarn.client.api.async.AMRMClientAsync,,,,,,,,,,,,,,,
Maximilian Michels  ,Maximilian Michels,import org.apache.hadoop.yarn.conf.YarnConfiguration,743,,,,,,,,,,,,,,
,,,,,,,,,,,,,,,,,
Maximilian Michels  ,Maximilian Michels,import org.apache.hadoop.yarn.api.records.Container,48,,,,,,,,,,,,,,
,,,,,,,,,,,,,,,,,
Maximilian Michels  ,Maximilian Michels,import org.apache.hadoop.yarn.api.records.ContainerStatus,49,,,,,,,,,,,,,,
,,,,,,,,,,,,,,,,,
Robert Metzger      ,Robert Metzger,import org.apache.hadoop.conf.Configuration,,,,,,,,,,,,,,,
Robert Metzger      ,Robert Metzger,import org.apache.hadoop.fs.FileSystem,,,,,,,,,,,,,,,
Robert Metzger      ,Robert Metzger,import org.apache.hadoop.fs.Path,,,,,,,,,,,,,,,
Robert Metzger      ,Robert Metzger,import org.apache.hadoop.service.Service,,,,,,,,,,,,,,,
Robert Metzger      ,Robert Metzger,import org.apache.hadoop.yarn.api.records.ApplicationId,,,,,,,,,,,,,,,
Robert Metzger      ,Robert Metzger,import org.apache.hadoop.yarn.api.records.ApplicationReport,,,,,,,,,,,,,,,
Robert Metzger      ,Robert Metzger,import org.apache.hadoop.yarn.api.records.YarnApplicationState,,,,,,,,,,,,,,,
Robert Metzger      ,Robert Metzger,import org.apache.hadoop.yarn.client.api.YarnClient,,,,,,,,,,,,,,,
Robert Metzger      ,Robert Metzger,import org.apache.hadoop.yarn.exceptions.YarnException,585,,,,,,,,,,,,,,
,,,,,,,,,,,,,,,,,
Robert Metzger      ,Robert Metzger,import org.apache.hadoop.fs.Path,,,,,,,,,,,,,,,
Maximilian Michels  ,Maximilian Michels,import org.apache.hadoop.yarn.util.ConverterUtils,688,,,,,,,,,,,,,,
,,,,,,,,,,,,,,,,,
Till Rohrmann       ,Till Rohrmann,import org.apache.hadoop.conf.Configuration,,,,,,,,,,,,,,,
Maximilian Michels  ,Maximilian Michels,import org.apache.hadoop.yarn.api.records.{Container,102,,,,,,,,,,,,,,
,,,,,,,,,,,,,,,,,
Robert Metzger      ,Robert Metzger,import org.apache.hadoop.fs.Path,,,,,,,,,,,,,,,
Robert Metzger      ,Robert Metzger,import org.apache.hadoop.yarn.api.records.ApplicationId,,,,,,,,,,,,,,,
Robert Metzger      ,Robert Metzger,import org.apache.hadoop.yarn.api.records.ApplicationReport,,,,,,,,,,,,,,,
Robert Metzger      ,Robert Metzger,import org.apache.hadoop.yarn.api.records.YarnApplicationState,,,,,,,,,,,,,,,
Robert Metzger      ,Robert Metzger,import org.apache.hadoop.yarn.client.api.YarnClient,,,,,,,,,,,,,,,
Robert Metzger      ,Robert Metzger,import org.apache.hadoop.yarn.conf.YarnConfiguration,,,,,,,,,,,,,,,
Robert Metzger      ,Robert Metzger,import org.apache.hadoop.yarn.server.resourcemanager.scheduler.ResourceScheduler,,,,,,,,,,,,,,,
Robert Metzger      ,Robert Metzger,import org.apache.hadoop.yarn.server.resourcemanager.scheduler.fifo.FifoScheduler,266,,,,,,,,,,,,,,
,,,,,,,,,,,,,,,,,
Maximilian Michels  ,Maximilian Michels,import org.apache.hadoop.fs.Path,,,,,,,,,,,,,,,
Maximilian Michels  ,Maximilian Michels,import org.apache.hadoop.yarn.api.records.ApplicationReport,,,,,,,,,,,,,,,
Maximilian Michels  ,Maximilian Michels,import org.apache.hadoop.yarn.client.api.YarnClient,,,,,,,,,,,,,,,
Maximilian Michels  ,Maximilian Michels,import org.apache.hadoop.yarn.exceptions.YarnException,186,,,,,,,,,,,,,,
,,,,,,,,,,,,,,,,,
Robert Metzger      ,Robert Metzger,import org.apache.hadoop.conf.Configuration,,,,,,,,,,,,,,,
Robert Metzger      ,Robert Metzger,import org.apache.hadoop.service.Service,,,,,,,,,,,,,,,
Robert Metzger      ,Robert Metzger,import org.apache.hadoop.yarn.api.records.ApplicationReport,,,,,,,,,,,,,,,
Robert Metzger      ,Robert Metzger,import org.apache.hadoop.yarn.api.records.ContainerId,,,,,,,,,,,,,,,
Robert Metzger      ,Robert Metzger,import org.apache.hadoop.yarn.api.records.YarnApplicationState,,,,,,,,,,,,,,,
Robert Metzger      ,Robert Metzger,import org.apache.hadoop.yarn.client.api.YarnClient,,,,,,,,,,,,,,,
Robert Metzger      ,Robert Metzger,import org.apache.hadoop.yarn.conf.YarnConfiguration,,,,,,,,,,,,,,,
Robert Metzger      ,Robert Metzger,import org.apache.hadoop.yarn.exceptions.YarnException,,,,,,,,,,,,,,,
Robert Metzger      ,Robert Metzger,import org.apache.hadoop.yarn.server.MiniYARNCluster,,,,,,,,,,,,,,,
Robert Metzger      ,Robert Metzger,import org.apache.hadoop.yarn.server.nodemanager.NodeManager,,,,,,,,,,,,,,,
Robert Metzger      ,Robert Metzger,import org.apache.hadoop.yarn.server.nodemanager.containermanager.container.Container,626,,,,,,,,,,,,,,
,,,,,,,,,,,,,,,,,
Maximilian Michels  ,Maximilian Michels,import org.apache.hadoop.fs.Path,,,,,,,,,,,,,,,
Maximilian Michels  ,Maximilian Michels,import org.apache.hadoop.yarn.api.records.ApplicationId,,,,,,,,,,,,,,,
Maximilian Michels  ,Maximilian Michels,import org.apache.hadoop.yarn.api.records.ApplicationReport,,,,,,,,,,,,,,,
Maximilian Michels  ,Maximilian Michels,import org.apache.hadoop.yarn.api.records.FinalApplicationStatus,,,,,,,,,,,,,,,
Maximilian Michels  ,Maximilian Michels,import org.apache.hadoop.yarn.client.api.YarnClient,,,,,,,,,,,,,,,
Maximilian Michels  ,Maximilian Michels,import org.apache.hadoop.yarn.client.api.impl.YarnClientImpl,,,,,,,,,,,,,,,
Maximilian Michels  ,Maximilian Michels,import org.apache.hadoop.yarn.exceptions.YarnException,449,,,,,,,,,,,,,,
,,,,,,,,,,,,,,,,,
Till Rohrmann       ,Till Rohrmann,import org.apache.hadoop.fs.Path,,,,,,,,,,,,,,,
Till Rohrmann       ,Till Rohrmann,import org.apache.hadoop.yarn.conf.YarnConfiguration,174,,,,,,,,,,,,,,
,,,,,,,,,,,,,,,,,
Maximilian Michels  ,Maximilian Michels,import org.apache.hadoop.fs.Path,114,,,,,,,,,,,,,,
,,,,,,,,,,,,,,,,,
Kostas Kloudas      ,Kostas Kloudas,import org.apache.hadoop.security.UserGroupInformation,,,,,,,,,,,,,,,
Kostas Kloudas      ,Kostas Kloudas,import org.apache.hadoop.yarn.api.protocolrecords.StopContainersRequest,,,,,,,,,,,,,,,
Kostas Kloudas      ,Kostas Kloudas,import org.apache.hadoop.yarn.api.records.ApplicationReport,,,,,,,,,,,,,,,
Kostas Kloudas      ,Kostas Kloudas,import org.apache.hadoop.yarn.api.records.ContainerId,,,,,,,,,,,,,,,
Kostas Kloudas      ,Kostas Kloudas,import org.apache.hadoop.yarn.api.records.NodeReport,,,,,,,,,,,,,,,
Kostas Kloudas      ,Kostas Kloudas,import org.apache.hadoop.yarn.api.records.YarnApplicationState,,,,,,,,,,,,,,,
Kostas Kloudas      ,Kostas Kloudas,import org.apache.hadoop.yarn.api.records.NodeState,,,,,,,,,,,,,,,
Kostas Kloudas      ,Kostas Kloudas,import org.apache.hadoop.yarn.api.records.ApplicationId,,,,,,,,,,,,,,,
Kostas Kloudas      ,Kostas Kloudas,import org.apache.hadoop.yarn.client.api.YarnClient,,,,,,,,,,,,,,,
Robert Metzger      ,Robert Metzger,import org.apache.hadoop.yarn.conf.YarnConfiguration,,,,,,,,,,,,,,,
Kostas Kloudas      ,Kostas Kloudas,import org.apache.hadoop.yarn.security.NMTokenIdentifier,,,,,,,,,,,,,,,
Kostas Kloudas      ,Kostas Kloudas,import org.apache.hadoop.yarn.server.nodemanager.NodeManager,,,,,,,,,,,,,,,
Kostas Kloudas      ,Kostas Kloudas,import org.apache.hadoop.yarn.server.nodemanager.containermanager.container.Container,,,,,,,,,,,,,,,
Robert Metzger      ,Robert Metzger,import org.apache.hadoop.yarn.server.resourcemanager.scheduler.ResourceScheduler,,,,,,,,,,,,,,,
Robert Metzger      ,Robert Metzger,import org.apache.hadoop.yarn.server.resourcemanager.scheduler.capacity.CapacityScheduler,541,,,,,,,,,,,,,,
,,,,,,,,,,,,,,,,,
Josh Mahonin   ,Josh Mahonin,import org.apache.hadoop.hbase.HBaseTestingUtility,176,,,,,,,,,,,,,,
,,,,,,,,,,,,,,,,,
Bhupesh Bansal  ,Bhupesh Bansal,import org.apache.hadoop.conf.Configuration,,,,,,,,,,,,,,,
Bhupesh Bansal  ,Bhupesh Bansal,import org.apache.hadoop.fs.FileStatus,,,,,,,,,,,,,,,
Bhupesh Bansal  ,Bhupesh Bansal,import org.apache.hadoop.fs.Path,,,,,,,,,,,,,,,
Bhupesh Bansal  ,Bhupesh Bansal,import org.apache.hadoop.io.BytesWritable,,,,,,,,,,,,,,,
Bhupesh Bansal  ,Bhupesh Bansal,import org.apache.hadoop.mapred.FileSplit,,,,,,,,,,,,,,,
Bhupesh Bansal  ,Bhupesh Bansal,import org.apache.hadoop.mapred.SequenceFileRecordReader,89,,,,,,,,,,,,,,
,,,,,,,,,,,,,,,,,
Bhupesh Bansal  ,Bhupesh Bansal,import org.apache.hadoop.conf.Configuration,,,,,,,,,,,,,,,
Bhupesh Bansal  ,Bhupesh Bansal,import org.apache.hadoop.fs.FileStatus,,,,,,,,,,,,,,,
Bhupesh Bansal  ,Bhupesh Bansal,import org.apache.hadoop.fs.Path,,,,,,,,,,,,,,,
Bhupesh Bansal  ,Bhupesh Bansal,import org.apache.hadoop.io.BytesWritable,,,,,,,,,,,,,,,
Bhupesh Bansal  ,Bhupesh Bansal,import org.apache.hadoop.mapred.FileSplit,,,,,,,,,,,,,,,
Bhupesh Bansal  ,Bhupesh Bansal,import org.apache.hadoop.mapred.SequenceFileRecordReader,89,,,,,,,,,,,,,,
,,,,,,,,,,,,,,,,,
Bhavani Sudha Saktheeswaran  ,Bhavani Sudha Saktheeswaran,import org.apache.hadoop.conf.Configuration,,,,,,,,,,,,,,,
Bhavani Sudha Saktheeswaran  ,Bhavani Sudha Saktheeswaran,import org.apache.hadoop.fs.FSDataInputStream,,,,,,,,,,,,,,,
Bhavani Sudha Saktheeswaran  ,Bhavani Sudha Saktheeswaran,import org.apache.hadoop.fs.FileSystem,,,,,,,,,,,,,,,
Bhavani Sudha Saktheeswaran  ,Bhavani Sudha Saktheeswaran,import org.apache.hadoop.fs.Path,,,,,,,,,,,,,,,
Bhavani Sudha Saktheeswaran  ,Bhavani Sudha Saktheeswaran,import org.apache.hadoop.io.BytesWritable,77,,,,,,,,,,,,,,
,,,,,,,,,,,,,,,,,
Gaojie Liu              ,Gaojie Liu,import org.apache.hadoop.security.authentication.client.AuthenticationException,215,,,,,,,,,,,,,,
,,,,,,,,,,,,,,,,,
Abhinay Nagpal               ,Abhinay Nagpal,import org.apache.hadoop.conf.Configuration,,,,,,,,,,,,,,,
Abhinay Nagpal               ,Abhinay Nagpal,import org.apache.hadoop.fs.FSDataInputStream,,,,,,,,,,,,,,,
Abhinay Nagpal               ,Abhinay Nagpal,import org.apache.hadoop.fs.FileSystem,,,,,,,,,,,,,,,
Abhinay Nagpal               ,Abhinay Nagpal,import org.apache.hadoop.fs.Path,661,,,,,,,,,,,,,,
,,,,,,,,,,,,,,,,,
Bhavani Sudha Saktheeswaran  ,Bhavani Sudha Saktheeswaran,import org.apache.hadoop.io.BytesWritable,,,,,,,,,,,,,,,
Bhavani Sudha Saktheeswaran  ,Bhavani Sudha Saktheeswaran,import org.apache.hadoop.mapred.JobConf,,,,,,,,,,,,,,,
Felix GV                     ,Felix GV,import org.apache.hadoop.mapred.OutputCollector,279,,,,,,,,,,,,,,
,,,,,,,,,,,,,,,,,
Roshan Sumbaly  ,Roshan Sumbaly,import org.apache.hadoop.conf.Configuration,,,,,,,,,,,,,,,
Roshan Sumbaly  ,Roshan Sumbaly,import org.apache.hadoop.fs.FileSystem,,,,,,,,,,,,,,,
Roshan Sumbaly  ,Roshan Sumbaly,import org.apache.hadoop.fs.Path,177,,,,,,,,,,,,,,
,,,,,,,,,,,,,,,,,
Jay Kreps               ,Jay Kreps,import org.apache.hadoop.fs.Path,,,,,,,,,,,,,,,
Jay Kreps               ,Jay Kreps,import org.apache.hadoop.io.LongWritable,,,,,,,,,,,,,,,
Jay Kreps               ,Jay Kreps,import org.apache.hadoop.io.Text,,,,,,,,,,,,,,,
Felix GV                ,Felix GV,import org.apache.hadoop.mapred.JobConf,,,,,,,,,,,,,,,
Jay Kreps               ,Jay Kreps,import org.apache.hadoop.mapred.TextInputFormat,373,,,,,,,,,,,,,,
,,,,,,,,,,,,,,,,,
Roshan Sumbaly               ,Roshan Sumbaly,import org.apache.hadoop.fs.Path,,,,,,,,,,,,,,,
Roshan Sumbaly               ,Roshan Sumbaly,import org.apache.hadoop.io.BytesWritable,,,,,,,,,,,,,,,
Roshan Sumbaly               ,Roshan Sumbaly,import org.apache.hadoop.io.LongWritable,,,,,,,,,,,,,,,
Roshan Sumbaly               ,Roshan Sumbaly,import org.apache.hadoop.io.Text,,,,,,,,,,,,,,,
Felix GV                     ,Felix GV,import org.apache.hadoop.mapred.JobConf,,,,,,,,,,,,,,,
Roshan Sumbaly               ,Roshan Sumbaly,import org.apache.hadoop.mapred.OutputCollector,,,,,,,,,,,,,,,
Roshan Sumbaly               ,Roshan Sumbaly,import org.apache.hadoop.mapred.Reporter,,,,,,,,,,,,,,,
Roshan Sumbaly               ,Roshan Sumbaly,import org.apache.hadoop.mapred.TextInputFormat,299,,,,,,,,,,,,,,
,,,,,,,,,,,,,,,,,
Roshan Sumbaly  ,Roshan Sumbaly,import org.apache.hadoop.conf.Configuration,,,,,,,,,,,,,,,
Roshan Sumbaly  ,Roshan Sumbaly,import org.apache.hadoop.fs.FileSystem,,,,,,,,,,,,,,,
Roshan Sumbaly  ,Roshan Sumbaly,import org.apache.hadoop.fs.Path,65,,,,,,,,,,,,,,
,,,,,,,,,,,,,,,,,
Felix GV                ,Felix GV,import org.apache.hadoop.conf.Configuration,,,,,,,,,,,,,,,
Felix GV                ,Felix GV,import org.apache.hadoop.fs.FSDataOutputStream,,,,,,,,,,,,,,,
Felix GV                ,Felix GV,import org.apache.hadoop.fs.FileStatus,,,,,,,,,,,,,,,
Felix GV                ,Felix GV,import org.apache.hadoop.fs.FileSystem,,,,,,,,,,,,,,,
Felix GV                ,Felix GV,import org.apache.hadoop.fs.FileUtil,,,,,,,,,,,,,,,
Felix GV                ,Felix GV,import org.apache.hadoop.fs.Path,,,,,,,,,,,,,,,
Felix GV                ,Felix GV,import org.apache.hadoop.security.AccessControlException,444,,,,,,,,,,,,,,
,,,,,,,,,,,,,,,,,
ARUNACHALAM THIRUPATHI  ,ARUNACHALAM THIRUPATHI,import org.apache.hadoop.fs.FileStatus,,,,,,,,,,,,,,,
ARUNACHALAM THIRUPATHI  ,ARUNACHALAM THIRUPATHI,import org.apache.hadoop.fs.Path,107,,,,,,,,,,,,,,
,,,,,,,,,,,,,,,,,
Gaojie Liu              ,Gaojie Liu,import org.apache.hadoop.security.authentication.client.AuthenticationException,326,,,,,,,,,,,,,,
,,,,,,,,,,,,,,,,,
ARUNACHALAM THIRUPATHI       ,ARUNACHALAM THIRUPATHI,import org.apache.hadoop.fs.FileStatus,,,,,,,,,,,,,,,
ARUNACHALAM THIRUPATHI       ,ARUNACHALAM THIRUPATHI,import org.apache.hadoop.fs.FileSystem,,,,,,,,,,,,,,,
ARUNACHALAM THIRUPATHI       ,ARUNACHALAM THIRUPATHI,import org.apache.hadoop.fs.Path,197,,,,,,,,,,,,,,
,,,,,,,,,,,,,,,,,
Jay Kreps  ,Jay Kreps,import org.apache.hadoop.conf.Configurable,,,,,,,,,,,,,,,
Jay Kreps  ,Jay Kreps,import org.apache.hadoop.conf.Configuration,99,,,,,,,,,,,,,,
,,,,,,,,,,,,,,,,,
Jay Kreps                    ,Jay Kreps,import org.apache.hadoop.fs.FileStatus,,,,,,,,,,,,,,,
Jay Kreps                    ,Jay Kreps,import org.apache.hadoop.fs.FileSystem,,,,,,,,,,,,,,,
Jay Kreps                    ,Jay Kreps,import org.apache.hadoop.fs.Path,534,,,,,,,,,,,,,,
,,,,,,,,,,,,,,,,,
Arunachalam Thirupathi  ,Arunachalam Thirupathi,import org.apache.hadoop.fs.FileSystem,259,,,,,,,,,,,,,,
,,,,,,,,,,,,,,,,,
Jay Kreps  ,Jay Kreps,import org.apache.hadoop.conf.Configuration,,,,,,,,,,,,,,,
Jay Kreps  ,Jay Kreps,import org.apache.hadoop.conf.Configured,,,,,,,,,,,,,,,
Jay Kreps  ,Jay Kreps,import org.apache.hadoop.fs.Path,,,,,,,,,,,,,,,
Jay Kreps  ,Jay Kreps,import org.apache.hadoop.io.BytesWritable,,,,,,,,,,,,,,,
Felix GV   ,Felix GV,import org.apache.hadoop.mapred.JobConf,,,,,,,,,,,,,,,
Jay Kreps  ,Jay Kreps,import org.apache.hadoop.mapred.SequenceFileInputFormat,,,,,,,,,,,,,,,
Jay Kreps  ,Jay Kreps,import org.apache.hadoop.util.Tool,,,,,,,,,,,,,,,
Jay Kreps  ,Jay Kreps,import org.apache.hadoop.util.ToolRunner,119,,,,,,,,,,,,,,
,,,,,,,,,,,,,,,,,
Jay Kreps  ,Jay Kreps,import org.apache.hadoop.conf.Configuration,,,,,,,,,,,,,,,
Jay Kreps  ,Jay Kreps,import org.apache.hadoop.conf.Configured,,,,,,,,,,,,,,,
Jay Kreps  ,Jay Kreps,import org.apache.hadoop.fs.FileSystem,,,,,,,,,,,,,,,
Jay Kreps  ,Jay Kreps,import org.apache.hadoop.fs.Path,,,,,,,,,,,,,,,
Jay Kreps  ,Jay Kreps,import org.apache.hadoop.io.BytesWritable,,,,,,,,,,,,,,,
Jay Kreps  ,Jay Kreps,import org.apache.hadoop.io.IntWritable,,,,,,,,,,,,,,,
Jay Kreps  ,Jay Kreps,import org.apache.hadoop.io.LongWritable,,,,,,,,,,,,,,,
Jay Kreps  ,Jay Kreps,import org.apache.hadoop.io.Text,,,,,,,,,,,,,,,
Jay Kreps  ,Jay Kreps,import org.apache.hadoop.mapred.FileInputFormat,,,,,,,,,,,,,,,
Jay Kreps  ,Jay Kreps,import org.apache.hadoop.mapred.FileOutputFormat,,,,,,,,,,,,,,,
Jay Kreps  ,Jay Kreps,import org.apache.hadoop.mapred.JobClient,,,,,,,,,,,,,,,
Jay Kreps  ,Jay Kreps,import org.apache.hadoop.mapred.JobConf,,,,,,,,,,,,,,,
Jay Kreps  ,Jay Kreps,import org.apache.hadoop.mapred.MapReduceBase,,,,,,,,,,,,,,,
Jay Kreps  ,Jay Kreps,import org.apache.hadoop.mapred.Mapper,,,,,,,,,,,,,,,
Jay Kreps  ,Jay Kreps,import org.apache.hadoop.mapred.OutputCollector,,,,,,,,,,,,,,,
Jay Kreps  ,Jay Kreps,import org.apache.hadoop.mapred.Reporter,,,,,,,,,,,,,,,
Jay Kreps  ,Jay Kreps,import org.apache.hadoop.mapred.SequenceFileOutputFormat,,,,,,,,,,,,,,,
Jay Kreps  ,Jay Kreps,import org.apache.hadoop.mapred.TextInputFormat,,,,,,,,,,,,,,,
Jay Kreps  ,Jay Kreps,import org.apache.hadoop.mapred.lib.IdentityReducer,,,,,,,,,,,,,,,
Jay Kreps  ,Jay Kreps,import org.apache.hadoop.util.Tool,,,,,,,,,,,,,,,
Jay Kreps  ,Jay Kreps,import org.apache.hadoop.util.ToolRunner,114,,,,,,,,,,,,,,
,,,,,,,,,,,,,,,,,
Abhinay Nagpal               ,Abhinay Nagpal,import org.apache.hadoop.mapred.JobConf,,,,,,,,,,,,,,,
Abhinay Nagpal               ,Abhinay Nagpal,import org.apache.hadoop.mapred.Reporter,53,,,,,,,,,,,,,,
,,,,,,,,,,,,,,,,,
Abhinay Nagpal               ,Abhinay Nagpal,import org.apache.hadoop.fs.FSDataOutputStream,,,,,,,,,,,,,,,
Abhinay Nagpal               ,Abhinay Nagpal,import org.apache.hadoop.fs.FileSystem,,,,,,,,,,,,,,,
Abhinay Nagpal               ,Abhinay Nagpal,import org.apache.hadoop.fs.Path,,,,,,,,,,,,,,,
Chinmay Soman                ,Chinmay Soman,import org.apache.hadoop.fs.permission.FsPermission,,,,,,,,,,,,,,,
Abhinay Nagpal               ,Abhinay Nagpal,import org.apache.hadoop.io.BytesWritable,,,,,,,,,,,,,,,
Abhinay Nagpal               ,Abhinay Nagpal,import org.apache.hadoop.mapred.FileOutputFormat,,,,,,,,,,,,,,,
Abhinay Nagpal               ,Abhinay Nagpal,import org.apache.hadoop.mapred.JobConf,,,,,,,,,,,,,,,
Abhinay Nagpal               ,Abhinay Nagpal,import org.apache.hadoop.mapred.Reporter,440,,,,,,,,,,,,,,
,,,,,,,,,,,,,,,,,
Jay Kreps  ,Jay Kreps,import org.apache.hadoop.io.BytesWritable,,,,,,,,,,,,,,,
Jay Kreps  ,Jay Kreps,import org.apache.hadoop.mapred.Partitioner,33,,,,,,,,,,,,,,
,,,,,,,,,,,,,,,,,
Abhinay Nagpal  ,Abhinay Nagpal,import org.apache.hadoop.fs.FileStatus,,,,,,,,,,,,,,,
Abhinay Nagpal  ,Abhinay Nagpal,import org.apache.hadoop.fs.FileSystem,,,,,,,,,,,,,,,
Abhinay Nagpal  ,Abhinay Nagpal,import org.apache.hadoop.fs.Path,,,,,,,,,,,,,,,
Abhinay Nagpal  ,Abhinay Nagpal,import org.apache.hadoop.io.BytesWritable,,,,,,,,,,,,,,,
Abhinay Nagpal  ,Abhinay Nagpal,import org.apache.hadoop.io.SequenceFile,,,,,,,,,,,,,,,
Abhinay Nagpal  ,Abhinay Nagpal,import org.apache.hadoop.io.Text,,,,,,,,,,,,,,,
Abhinay Nagpal  ,Abhinay Nagpal,import org.apache.hadoop.mapred.FileSplit,,,,,,,,,,,,,,,
Abhinay Nagpal  ,Abhinay Nagpal,import org.apache.hadoop.mapred.InputSplit,,,,,,,,,,,,,,,
Abhinay Nagpal  ,Abhinay Nagpal,import org.apache.hadoop.mapred.JobConf,,,,,,,,,,,,,,,
Abhinay Nagpal  ,Abhinay Nagpal,import org.apache.hadoop.mapred.RecordReader,,,,,,,,,,,,,,,
Abhinay Nagpal  ,Abhinay Nagpal,import org.apache.hadoop.mapred.Reporter,,,,,,,,,,,,,,,
Abhinay Nagpal  ,Abhinay Nagpal,import org.apache.hadoop.mapred.SequenceFileInputFormat,,,,,,,,,,,,,,,
Abhinay Nagpal  ,Abhinay Nagpal,import org.apache.hadoop.util.StringUtils,126,,,,,,,,,,,,,,
,,,,,,,,,,,,,,,,,
Abhinay Nagpal  ,Abhinay Nagpal,import org.apache.hadoop.mapred.Partitioner,37,,,,,,,,,,,,,,
,,,,,,,,,,,,,,,,,
Abhinay Nagpal  ,Abhinay Nagpal,import org.apache.hadoop.io.BytesWritable,,,,,,,,,,,,,,,
Abhinay Nagpal  ,Abhinay Nagpal,import org.apache.hadoop.io.Text,,,,,,,,,,,,,,,
Abhinay Nagpal  ,Abhinay Nagpal,import org.apache.hadoop.mapred.JobConf,,,,,,,,,,,,,,,
Abhinay Nagpal  ,Abhinay Nagpal,import org.apache.hadoop.mapred.JobConfigurable,,,,,,,,,,,,,,,
Abhinay Nagpal  ,Abhinay Nagpal,import org.apache.hadoop.mapred.OutputCollector,,,,,,,,,,,,,,,
Abhinay Nagpal  ,Abhinay Nagpal,import org.apache.hadoop.mapred.Reducer,,,,,,,,,,,,,,,
Abhinay Nagpal  ,Abhinay Nagpal,import org.apache.hadoop.mapred.Reporter,115,,,,,,,,,,,,,,
,,,,,,,,,,,,,,,,,
Roshan Sumbaly  ,Roshan Sumbaly,import org.apache.hadoop.fs.FSDataInputStream,,,,,,,,,,,,,,,
Roshan Sumbaly  ,Roshan Sumbaly,import org.apache.hadoop.fs.FileStatus,,,,,,,,,,,,,,,
Roshan Sumbaly  ,Roshan Sumbaly,import org.apache.hadoop.fs.FileSystem,42,,,,,,,,,,,,,,
,,,,,,,,,,,,,,,,,
Roshan Sumbaly  ,Roshan Sumbaly,import org.apache.hadoop.fs.FSDataInputStream,,,,,,,,,,,,,,,
Roshan Sumbaly  ,Roshan Sumbaly,import org.apache.hadoop.fs.FileStatus,,,,,,,,,,,,,,,
Roshan Sumbaly  ,Roshan Sumbaly,import org.apache.hadoop.fs.FileSystem,,,,,,,,,,,,,,,
Roshan Sumbaly  ,Roshan Sumbaly,import org.apache.hadoop.fs.Path,,,,,,,,,,,,,,,
Roshan Sumbaly  ,Roshan Sumbaly,import org.apache.hadoop.fs.PathFilter,183,,,,,,,,,,,,,,
,,,,,,,,,,,,,,,,,
Jay Kreps        ,Jay Kreps,import org.apache.hadoop.io.BytesWritable,,,,,,,,,,,,,,,
Jay Kreps        ,Jay Kreps,import org.apache.hadoop.mapred.JobConf,,,,,,,,,,,,,,,
Jay Kreps        ,Jay Kreps,import org.apache.hadoop.mapred.Mapper,,,,,,,,,,,,,,,
Jay Kreps        ,Jay Kreps,import org.apache.hadoop.mapred.OutputCollector,,,,,,,,,,,,,,,
Jay Kreps        ,Jay Kreps,import org.apache.hadoop.mapred.Reporter,114,,,,,,,,,,,,,,
,,,,,,,,,,,,,,,,,
Abhinay Nagpal  ,Abhinay Nagpal,import org.apache.hadoop.conf.Configuration,,,,,,,,,,,,,,,
Abhinay Nagpal  ,Abhinay Nagpal,import org.apache.hadoop.fs.FileStatus,,,,,,,,,,,,,,,
Abhinay Nagpal  ,Abhinay Nagpal,import org.apache.hadoop.fs.FileSystem,,,,,,,,,,,,,,,
Abhinay Nagpal  ,Abhinay Nagpal,import org.apache.hadoop.fs.Path,111,,,,,,,,,,,,,,
,,,,,,,,,,,,,,,,,
Abhinay Nagpal          ,Abhinay Nagpal,import org.apache.hadoop.conf.Configuration,,,,,,,,,,,,,,,
Arunachalam Thirupathi  ,Arunachalam Thirupathi,import org.apache.hadoop.fs.CommonConfigurationKeys,,,,,,,,,,,,,,,
Arunachalam Thirupathi  ,Arunachalam Thirupathi,import org.apache.hadoop.fs.FileStatus,,,,,,,,,,,,,,,
Arunachalam Thirupathi  ,Arunachalam Thirupathi,import org.apache.hadoop.fs.FileSystem,,,,,,,,,,,,,,,
Arunachalam Thirupathi  ,Arunachalam Thirupathi,import org.apache.hadoop.fs.Path,,,,,,,,,,,,,,,
Arunachalam Thirupathi  ,Arunachalam Thirupathi,import org.apache.hadoop.fs.PathFilter,,,,,,,,,,,,,,,
Arunachalam Thirupathi  ,Arunachalam Thirupathi,import org.apache.hadoop.hdfs.web.HftpFileSystem,,,,,,,,,,,,,,,
Abhinay Nagpal          ,Abhinay Nagpal,import org.apache.hadoop.io.SequenceFile,,,,,,,,,,,,,,,
Abhinay Nagpal          ,Abhinay Nagpal,import org.apache.hadoop.io.Text,,,,,,,,,,,,,,,
Abhinay Nagpal          ,Abhinay Nagpal,import org.apache.hadoop.mapred.FileInputFormat,,,,,,,,,,,,,,,
Abhinay Nagpal          ,Abhinay Nagpal,import org.apache.hadoop.mapred.JobConf,,,,,,,,,,,,,,,
Felix GV                ,Felix GV,import org.apache.hadoop.security.UserGroupInformation,,,,,,,,,,,,,,,
Felix GV                ,Felix GV,import org.apache.hadoop.security.authentication.client.AuthenticationException,475,,,,,,,,,,,,,,
,,,,,,,,,,,,,,,,,
Jay Kreps       ,Jay Kreps,import org.apache.hadoop.io.BytesWritable,,,,,,,,,,,,,,,
Jay Kreps       ,Jay Kreps,import org.apache.hadoop.io.Text,,,,,,,,,,,,,,,
Jay Kreps       ,Jay Kreps,import org.apache.hadoop.mapred.JobConf,,,,,,,,,,,,,,,
Jay Kreps       ,Jay Kreps,import org.apache.hadoop.mapred.OutputCollector,,,,,,,,,,,,,,,
Jay Kreps       ,Jay Kreps,import org.apache.hadoop.mapred.Reducer,,,,,,,,,,,,,,,
Jay Kreps       ,Jay Kreps,import org.apache.hadoop.mapred.Reporter,82,,,,,,,,,,,,,,
,,,,,,,,,,,,,,,,,
Abhinay Nagpal               ,Abhinay Nagpal,import org.apache.hadoop.fs.Path,,,,,,,,,,,,,,,
Felix GV                     ,Felix GV,import org.apache.hadoop.mapred.InputFormat,,,,,,,,,,,,,,,
Abhinay Nagpal               ,Abhinay Nagpal,import org.apache.hadoop.mapred.JobConf,1005,,,,,,,,,,,,,,
,,,,,,,,,,,,,,,,,
Abhinay Nagpal               ,Abhinay Nagpal,import org.apache.hadoop.filecache.DistributedCache,,,,,,,,,,,,,,,
Abhinay Nagpal               ,Abhinay Nagpal,import org.apache.hadoop.fs.FileStatus,,,,,,,,,,,,,,,
Abhinay Nagpal               ,Abhinay Nagpal,import org.apache.hadoop.fs.FileSystem,,,,,,,,,,,,,,,
Abhinay Nagpal               ,Abhinay Nagpal,import org.apache.hadoop.fs.Path,,,,,,,,,,,,,,,
Abhinay Nagpal               ,Abhinay Nagpal,import org.apache.hadoop.fs.PathFilter,,,,,,,,,,,,,,,
Abhinay Nagpal               ,Abhinay Nagpal,import org.apache.hadoop.mapred.Counters,,,,,,,,,,,,,,,
Abhinay Nagpal               ,Abhinay Nagpal,import org.apache.hadoop.mapred.Counters.Counter,,,,,,,,,,,,,,,
Abhinay Nagpal               ,Abhinay Nagpal,import org.apache.hadoop.mapred.FileOutputFormat,,,,,,,,,,,,,,,
Abhinay Nagpal               ,Abhinay Nagpal,import org.apache.hadoop.mapred.JobClient,,,,,,,,,,,,,,,
Abhinay Nagpal               ,Abhinay Nagpal,import org.apache.hadoop.mapred.JobConf,,,,,,,,,,,,,,,
Abhinay Nagpal               ,Abhinay Nagpal,import org.apache.hadoop.mapred.RunningJob,348,,,,,,,,,,,,,,
,,,,,,,,,,,,,,,,,
Abhinay Nagpal          ,Abhinay Nagpal,import org.apache.hadoop.fs.FileSystem,,,,,,,,,,,,,,,
Abhinay Nagpal          ,Abhinay Nagpal,import org.apache.hadoop.fs.Path,,,,,,,,,,,,,,,
Abhinay Nagpal          ,Abhinay Nagpal,import org.apache.hadoop.mapred.JobConf,165,,,,,,,,,,,,,,
,,,,,,,,,,,,,,,,,
Felix GV  ,Felix GV,import org.apache.hadoop.mapred.JobConf,154,,,,,,,,,,,,,,
,,,,,,,,,,,,,,,,,
Jay Kreps       ,Jay Kreps,import org.apache.hadoop.mapred.JobConf,189,,,,,,,,,,,,,,
,,,,,,,,,,,,,,,,,
Abhinay Nagpal  ,Abhinay Nagpal,import org.apache.hadoop.io.BytesWritable,,,,,,,,,,,,,,,
Abhinay Nagpal  ,Abhinay Nagpal,import org.apache.hadoop.mapred.JobConf,89,,,,,,,,,,,,,,
,,,,,,,,,,,,,,,,,
Abhinay Nagpal  ,Abhinay Nagpal,import org.apache.hadoop.mapred.JobConf,,,,,,,,,,,,,,,
Abhinay Nagpal  ,Abhinay Nagpal,import org.apache.hadoop.mapred.JobConfigurable,,,,,,,,,,,,,,,
Abhinay Nagpal  ,Abhinay Nagpal,import org.apache.hadoop.mapred.Reporter,193,,,,,,,,,,,,,,
,,,,,,,,,,,,,,,,,
Roshan Sumbaly               ,Roshan Sumbaly,import org.apache.hadoop.fs.FSDataInputStream,,,,,,,,,,,,,,,
Roshan Sumbaly               ,Roshan Sumbaly,import org.apache.hadoop.fs.FSDataOutputStream,,,,,,,,,,,,,,,
Jay Kreps                    ,Jay Kreps,import org.apache.hadoop.fs.FileStatus,,,,,,,,,,,,,,,
Jay Kreps                    ,Jay Kreps,import org.apache.hadoop.fs.FileSystem,,,,,,,,,,,,,,,
Jay Kreps                    ,Jay Kreps,import org.apache.hadoop.fs.Path,,,,,,,,,,,,,,,
Roshan Sumbaly               ,Roshan Sumbaly,import org.apache.hadoop.fs.PathFilter,,,,,,,,,,,,,,,
Chinmay Soman                ,Chinmay Soman,import org.apache.hadoop.fs.permission.FsPermission,,,,,,,,,,,,,,,
Jay Kreps                    ,Jay Kreps,import org.apache.hadoop.io.BytesWritable,,,,,,,,,,,,,,,
Roshan Sumbaly               ,Roshan Sumbaly,import org.apache.hadoop.mapred.Counters,,,,,,,,,,,,,,,
Jay Kreps                    ,Jay Kreps,import org.apache.hadoop.mapred.FileInputFormat,,,,,,,,,,,,,,,
Jay Kreps                    ,Jay Kreps,import org.apache.hadoop.mapred.FileOutputFormat,,,,,,,,,,,,,,,
Jay Kreps                    ,Jay Kreps,import org.apache.hadoop.mapred.InputFormat,,,,,,,,,,,,,,,
Jay Kreps                    ,Jay Kreps,import org.apache.hadoop.mapred.JobClient,,,,,,,,,,,,,,,
Jay Kreps                    ,Jay Kreps,import org.apache.hadoop.mapred.JobConf,,,,,,,,,,,,,,,
Abhinay Nagpal               ,Abhinay Nagpal,import org.apache.hadoop.mapred.OutputFormat,,,,,,,,,,,,,,,
Roshan Sumbaly               ,Roshan Sumbaly,import org.apache.hadoop.mapred.RunningJob,,,,,,,,,,,,,,,
Jay Kreps                    ,Jay Kreps,import org.apache.hadoop.mapred.SequenceFileOutputFormat,,,,,,,,,,,,,,,
Felix GV                     ,Felix GV,import org.apache.hadoop.mapred.Task,596,,,,,,,,,,,,,,
,,,,,,,,,,,,,,,,,
Bhavani Sudha Saktheeswaran  ,Bhavani Sudha Saktheeswaran,import org.apache.hadoop.fs.FSDataInputStream,142,,,,,,,,,,,,,,
,,,,,,,,,,,,,,,,,
Prabhjyot Singh  ,Prabhjyot Singh,import org.apache.hadoop.conf.Configuration,,,,,,,,,,,,,,,
Prabhjyot Singh  ,Prabhjyot Singh,import org.apache.hadoop.security.UserGroupInformation,,,,,,,,,,,,,,,
Prabhjyot Singh  ,Prabhjyot Singh,import org.apache.hadoop.security.UserGroupInformation.AuthenticationMethod,76,,,,,,,,,,,,,,
,,,,,,,,,,,,,,,,,
Prabhjyot Singh     ,Prabhjyot Singh,import org.apache.hadoop.security.UserGroupInformation,534,,,,,,,,,,,,,,
,,,,,,,,,,,,,,,,,
Prasad Wagle     ,Prasad Wagle,import org.apache.hadoop.security.UserGroupInformation,289,,,,,,,,,,,,,,
,,,,,,,,,,,,,,,,,
Jeff Zhang          ,Jeff Zhang,import org.apache.hadoop.security.UserGroupInformation,1376,,,,,,,,,,,,,,
